"compartment","TF","logFC","P.Value","adj.P.Val","fdr_global"
"B_cell","ZFX",-1.67449381945784,9.56926900133638e-05,0.00535879064074837,0.00917116357606065
"T_cell","SREBF2",1.26694011312201,0.000156764191683727,0.00382131815669194,0.00917116357606065
"B_cell","IKZF3",-1.74250252294265,0.000228856564449264,0.00640798380457939,0.00917116357606065
"T_cell","OLIG2",0.985615707460049,0.000254348659459818,0.00382131815669194,0.00917116357606065
"T_cell","TBX10",1.36002396458099,0.000315537101877925,0.00382131815669194,0.00917116357606065
"T_cell","SMARCA1",1.1505958306824,0.000439916483372135,0.00382131815669194,0.00917116357606065
"T_cell","PML",0.917686836175308,0.00046741049003641,0.00382131815669194,0.00917116357606065
"T_cell","ZNF395",1.04359262726165,0.000472029273390037,0.00382131815669194,0.00917116357606065
"T_cell","SREBF1",1.26236191311329,0.000508157141090186,0.00382131815669194,0.00917116357606065
"B_cell","IKZF2",-1.98003653223695,0.000621561768820089,0.0116024863513083,0.00917116357606065
"T_cell","PARK7",0.619700998181704,0.00067153904966118,0.00382131815669194,0.00917116357606065
"T_cell","KAT6A",0.817877634105454,0.000702191291552467,0.00382131815669194,0.00917116357606065
"T_cell","TLX2",0.567482145929629,0.000775193453889009,0.00382131815669194,0.00917116357606065
"T_cell","KAT6B",0.791209603558636,0.000785291048237799,0.00382131815669194,0.00917116357606065
"T_cell","TFAP2A",1.05999193243731,0.000818853890719701,0.00382131815669194,0.00917116357606065
"T_cell","STOX1",0.87916923263216,0.00120978729473406,0.00487900512679663,0.0120540126662034
"T_cell","E2F1",2.6789343605846,0.00121975128169916,0.00487900512679663,0.0120540126662034
"T_cell","E2F4",2.49821479193659,0.00136443474472531,0.00509388971364115,0.0127347242841029
"T_cell","EHF",0.678495704164969,0.00159562051803751,0.0055846718131313,0.0141086445805422
"T_cell","SNAI2",-0.573344547919988,0.00194760301584415,0.00641563346395722,0.0163598653330909
"T_cell","E2F5",0.784536356036041,0.00229685420987541,0.00714576865294571,0.0183748336790032
"T_cell","IRF3",1.46131162035246,0.00245643426743072,0.00724001678821687,0.0187582253149255
"T_cell","EP300",1.10043957593222,0.00274163922938834,0.00767658984228736,0.0200258865450975
"T_cell","E2F2",1.75683260313219,0.00311303918079066,0.00792535016238185,0.0209229244286881
"T_cell","BACH1",0.514153165848313,0.00311353042093573,0.00792535016238185,0.0209229244286881
"T_cell","E2F3",1.80665435469524,0.00408114744351164,0.0092643671348609,0.0250137912641244
"T_cell","CEBPZ",0.818113367575215,0.00410634370166319,0.0092643671348609,0.0250137912641244
"T_cell","HCFC1",0.861152520617528,0.00422720977590156,0.0092643671348609,0.0250137912641244
"T_cell","VDR",0.557047979313536,0.00432182975360797,0.0092643671348609,0.0250137912641244
"T_cell","SIM2",0.542680434804761,0.00446674844002222,0.0092643671348609,0.0250137912641244
"T_cell","CTBP1",-0.627252654168853,0.00494158342656463,0.00988316685312927,0.0267801940536406
"NK","ZNF395",0.945951285109791,0.00526859683465749,0.099792857626051,0.0270454320110903
"T_cell","ESR1",1.26334471050019,0.00531249557360702,0.0102586121421377,0.0270454320110903
"T_cell","NFIA",0.520536295059504,0.00568501288298701,0.0104286220402592,0.0277103385641174
"T_cell","SP3",0.898407836239802,0.00577298720085779,0.0104286220402592,0.0277103385641174
"T_cell","IRF2",1.05067077982087,0.00596724863958291,0.0104426851192701,0.0278471603180536
"NK","SREBF1",1.09062539378732,0.00663242998434924,0.099792857626051,0.0301148172262344
"T_cell","ELF4",0.650540536089509,0.0071840095320159,0.0119698291863751,0.0306544405992533
"NK","IRF3",1.14577000440032,0.00725797826558928,0.099792857626051,0.0306544405992533
"T_cell","IKZF3",-0.519899745121803,0.00743291119382268,0.0119698291863751,0.0306544405992533
"T_cell","DNMT1",0.796852267952117,0.00748114324148445,0.0119698291863751,0.0306544405992533
"NK","TLX2",0.776097679933426,0.00801842009455407,0.099792857626051,0.0320736803782163
"T_cell","NFE2",0.426571244304158,0.00844387994562051,0.0131349243598541,0.0329900425782383
"NK","IRF2",1.16093635219728,0.00891007657375456,0.099792857626051,0.0340202923725174
"T_cell","POU1F1",0.452661676613638,0.00988313724733117,0.0146158918963095,0.0362219929604191
"T_cell","MEIS2",0.434065099067347,0.00991792664392429,0.0146158918963095,0.0362219929604191
"T_cell","KLF15",0.45055075710982,0.0116011266671129,0.0166580280348288,0.0414678570228716
"T_cell","KLF3",-0.470518646808356,0.0125043679403949,0.0171036233969327,0.0431011309602705
"T_cell","SATB2",-0.492742295757184,0.0125737070226678,0.0171036233969327,0.0431011309602705
"T_cell","ARID3B",0.487936307924782,0.0128277175476996,0.0171036233969327,0.0431011309602705
"T_cell","NR1H4",0.476279469318382,0.013675712946766,0.0178102308143929,0.0450494073540527
"T_cell","ZBTB14",0.361815732498943,0.0157463809012712,0.0200408484197997,0.0508729229117993
"T_cell","PDX1",0.505356010760333,0.0169042009657359,0.0210363389795824,0.0535831275895023
"NK","STOX1",0.749519750233021,0.0192738892745207,0.145305007711978,0.0599632110762866
"B_cell","E2F5",0.828288505825445,0.020523887357507,0.287334423005098,0.0618614056093951
"T_cell","NFE2L2",0.883558621700955,0.020620468536465,0.0251031790878705,0.0618614056093951
"NK","TFAP2A",1.05996378795785,0.0220876391878728,0.145305007711978,0.0651004102379408
"NK","HCFC1",0.946156198298312,0.0230856581427969,0.145305007711978,0.0668688028963773
"T_cell","MAF",0.364025928161254,0.0272714377389255,0.0324936279442517,0.0776542633921948
"NK","PML",0.657684120111877,0.0301901527479447,0.145305007711978,0.0833473140770825
"NK","E2F4",1.88223810165334,0.0302630128494169,0.145305007711978,0.0833473140770825
"NK","DNMT1",0.981584251878142,0.0318786638918288,0.145305007711978,0.0853098962514817
"B_cell","ARID3B",1.05664357712855,0.0319912110943057,0.330468794631317,0.0853098962514817
"NK","SMARCA1",0.802147837458153,0.0327623690742535,0.145305007711978,0.0860012188199155
"NK","PPARA",0.622759991839835,0.0337315196474234,0.145305007711978,0.0871830046271866
"B_cell","SATB2",-1.00959877507048,0.0354073708533554,0.330468794631317,0.0901278530812683
"T_cell","PRDM2",0.41271774151251,0.0403717789021767,0.0471004087192061,0.101230729187547
"B_cell","ZBTB14",0.701230170574089,0.0414657411757179,0.331725929405744,0.10244477231648
"NK","E2F3",1.07137639221498,0.045278383656867,0.181113534627468,0.110243021077589
"T_cell","CEBPA",0.507499871208317,0.0487730603907724,0.055740640446597,0.117055344937854
"NK","E2F1",1.72190906610385,0.0527388734521232,0.19689179422126,0.124790573802207
"T_cell","SP2",0.420899669251398,0.0539752663176507,0.0604522982757688,0.125942288074518
"T_cell","MNT",0.287102638754555,0.0570005400280498,0.062588828266094,0.13117932499606
"B_cell","BACH2",-1.70534065932098,0.0650401690733831,0.351793164686021,0.147658762220654
"B_cell","SREBF2",1.17836064236479,0.0666290997743905,0.351793164686021,0.1483483431171
"B_cell","POU1F1",0.7698914452689,0.0671099647434501,0.351793164686021,0.1483483431171
"B_cell","NFE2L2",1.6441613971336,0.0691022287776113,0.351793164686021,0.150768499151152
"NK","E2F2",1.07304418291704,0.0731321033205666,0.255962361621983,0.157515299459682
"B_cell","SNAI2",-0.777445350096359,0.0775054218166305,0.354357979498574,0.164821656521442
"B_cell","BACH1",1.07090117992983,0.082261673812169,0.354357979498574,0.172749515005555
"T_cell","IKZF2",-0.514474133334846,0.0903851282350357,0.0973378304069615,0.187465451154148
"NK","IKZF2",-0.508134291019796,0.0937657628764238,0.296364844458858,0.189849220537566
"T_cell","ZFX",-0.293955199366697,0.0937945553846308,0.0991036811611193,0.189849220537566
"NK","SIM2",0.532554477249423,0.0952601285760616,0.296364844458858,0.190520257152123
"T_cell","BACH2",-0.381502670681331,0.0973067404757481,0.100910693826702,0.192323910587361
"B_cell","SIM2",0.763083219416533,0.0994250873460549,0.393012547953776,0.194225752024851
"B_cell","CTBP1",-0.645934056687321,0.105271218201904,0.393012547953776,0.203282352389884
"NK","NFE2L2",0.69400211352915,0.108273417162915,0.307424481768119,0.206703796401928
"NK","CEBPZ",0.656835577803575,0.114990128430462,0.307424481768119,0.215197137237683
"NK","SREBF2",0.751109116678152,0.115284180663045,0.307424481768119,0.215197137237683
"NK","MNT",0.362581451890245,0.126287820240575,0.321459906066919,0.233146745059523
"B_cell","SREBF1",0.721170907760411,0.138234037330731,0.483819130657557,0.24972893565641
"NK","SP2",0.447330145749669,0.138242803666941,0.336591174145596,0.24972893565641
"T_cell","PPARA",0.400721759658322,0.143586753892049,0.146197422144631,0.256623134615576
"B_cell","HCFC1",0.565371361362394,0.152516661373746,0.49170123110404,0.269713674850414
"B_cell","NR1H4",0.617768184469378,0.158046824283441,0.49170123110404,0.276581942496022
"B_cell","KAT6B",0.489747891184202,0.1811986641116,0.493192997976734,0.313828614131431
"B_cell","E2F4",1.0301440251568,0.190801491090699,0.493192997976734,0.324881513049931
"B_cell","PARK7",0.658106068421603,0.191448034475852,0.493192997976734,0.324881513049931
"B_cell","PPARA",0.577836265144666,0.193754392062288,0.493192997976734,0.325507378664644
"B_cell","VDR",-0.55190904826043,0.203032074366367,0.494338963674632,0.337716717757917
"NK","TBX10",0.577504166041397,0.206772998951825,0.431799017930079,0.340567292391241
"NK","ESR1",0.651919438498291,0.211904237373997,0.431799017930079,0.345563603425446
"NK","PDX1",0.305873982160926,0.213920325930038,0.431799017930079,0.345563603425446
"NK","ARID3B",0.562934479331841,0.21792864966182,0.431799017930079,0.348685839458911
"NK","OLIG2",0.389989637882773,0.222353985296943,0.431799017930079,0.351088921120718
"NK","SNAI2",-0.295712809857436,0.223610205713791,0.431799017930079,0.351088921120718
"NK","KLF15",0.27352297429273,0.242257953671252,0.434277409157174,0.37383039054922
"NK","NFE2",0.298339565417114,0.242544717677768,0.434277409157174,0.37383039054922
"NK","KAT6B",0.493370078829759,0.248158519518385,0.434277409157174,0.379005738900806
"B_cell","IRF3",-0.64078629506907,0.255829142327808,0.594387044700141,0.386310014462965
"T_cell","CEBPE",0.179565519302568,0.257540009641977,0.257540009641977,0.386310014462965
"B_cell","EHF",-0.428375467017735,0.265351359241134,0.594387044700141,0.394504675685934
"NK","MAF",0.462954759551341,0.268812400638387,0.435952691619018,0.394612350172387
"NK","CEBPA",0.380164700235676,0.270654876664392,0.435952691619018,0.394612350172387
"NK","EP300",0.496313644113312,0.272470432261886,0.435952691619018,0.394612350172387
"B_cell","ESR1",0.949880573067705,0.303467473365915,0.6199465081732,0.432251837561151
"B_cell","TLX2",0.401470857242249,0.303605457334618,0.6199465081732,0.432251837561151
"B_cell","SMARCA1",-0.481672669465871,0.3099732540866,0.6199465081732,0.437609299886965
"B_cell","NFE2",0.353436498496826,0.32289105504881,0.623513761473564,0.452047477068334
"B_cell","STOX1",0.356387349884378,0.340443547582986,0.635494622154907,0.472681950363154
"NK","SP3",0.388482930993063,0.349198918695775,0.543198317971206,0.480864084761395
"B_cell","PRDM2",0.345836193945732,0.363383105020214,0.656433996165547,0.496328143442243
"NK","CTBP1",-0.247715797620309,0.377203370198938,0.56032439515693,0.51101584838312
"NK","NR1H4",0.260674491328617,0.38022012528506,0.56032439515693,0.51101584838312
"NK","BACH1",0.265257338555172,0.39785092569787,0.571273124078993,0.530467900930493
"B_cell","MEIS2",0.268199132660495,0.401444452587025,0.702527792027293,0.531044630193859
"NK","ELF4",-0.250327225574523,0.419405433887207,0.58716760744209,0.550469631976959
"NK","NFIA",0.220340520145448,0.48989673838051,0.666943478012282,0.634070843082188
"B_cell","E2F3",0.37647569589228,0.490650057146931,0.832618278794792,0.634070843082188
"NK","MEIS2",0.180895979245716,0.500207608509212,0.666943478012282,0.641487620072882
"NK","KLF3",0.197301379493646,0.512887583872398,0.667946620857077,0.652766015837598
"NK","PRDM2",0.283140414380559,0.551258143564431,0.690569322910793,0.695722825320575
"NK","BACH2",0.27141047954476,0.55492177733903,0.690569322910793,0.695722825320575
"B_cell","TFAP2A",-0.315919643003575,0.576842280381582,0.8760156237537,0.715982601253816
"B_cell","DNMT1",-0.370410121528759,0.579604962919756,0.8760156237537,0.715982601253816
"B_cell","KLF3",-0.190640997571038,0.585530725729422,0.8760156237537,0.718023079726591
"B_cell","PDX1",-0.237851754518157,0.594055128727279,0.8760156237537,0.720675542590898
"B_cell","SP2",0.290929638843062,0.596273216786517,0.8760156237537,0.720675542590898
"NK","ZFX",-0.165468426471649,0.600933697712142,0.731571458084347,0.72112043725457
"B_cell","MAF",0.198090104786779,0.610082309399898,0.8760156237537,0.726906581412645
"NK","KAT6A",0.183006641911294,0.628203349920389,0.748497608415783,0.743226498497362
"NK","EHF",0.13955687500269,0.65532996340772,0.764551623975673,0.76989813882865
"B_cell","KLF15",-0.140538888825698,0.662900487167986,0.915220829136114,0.773383901695984
"B_cell","ELF4",0.162323058711659,0.670072392760369,0.915220829136114,0.776359737818911
"B_cell","CEBPZ",-0.140082434276536,0.715031141067374,0.953374854756499,0.822775559584376
"NK","VDR",0.0869672353710282,0.728104644594723,0.832119593822541,0.832119593822541
"B_cell","CEBPA",0.188806825086326,0.740917835651717,0.957644035055676,0.841041867496544
"B_cell","OLIG2",0.132124886280544,0.761025630069351,0.957644035055676,0.858069166789604
"B_cell","E2F2",0.117170681583832,0.774845966504268,0.957644035055676,0.863757364952178
"NK","IKZF3",-0.0906101014077558,0.777420277586002,0.856133878983626,0.863757364952178
"NK","PARK7",0.0971383417068908,0.786454223481804,0.856133878983626,0.863757364952178
"B_cell","E2F1",0.205330779177877,0.786636171652877,0.957644035055676,0.863757364952178
"NK","POU1F1",0.0675189616166618,0.794981459056224,0.856133878983626,0.867252500788608
"NK","CEBPE",0.0616282638621701,0.824397765970768,0.87106179045968,0.893540804407027
"B_cell","CEBPE",0.111090464661311,0.830364989004768,0.96362070403216,0.894239218928211
"B_cell","KAT6A",-0.0758378217902123,0.838738442946987,0.96362070403216,0.896533186662832
"B_cell","EP300",0.0980680355947972,0.84316811602814,0.96362070403216,0.896533186662832
"B_cell","ZNF395",-0.0481335370065981,0.897042738582704,0.975776666315681,0.941921599783143
"NK","E2F5",0.0379859651026788,0.89706819026966,0.930292938057426,0.941921599783143
"B_cell","SP3",0.072740928422033,0.904127109080533,0.975776666315681,0.943436983388382
"B_cell","TBX10",-0.0355419943496993,0.911478149724154,0.975776666315681,0.945236599713938
"B_cell","NFIA",0.0388605834855181,0.923502916334484,0.975776666315681,0.951831226651493
"NK","SATB2",-0.0150165292530798,0.955968390875729,0.973349634346196,0.97928469309221
"B_cell","IRF2",0.0236315239179918,0.96328395254396,0.998172982201055,0.980798206226577
"NK","ZBTB14",-0.00733772958575298,0.976794687313575,0.976794687313575,0.9885632980041
"B_cell","MNT",-0.00405809108000544,0.990265333715212,0.998172982201055,0.996195066252429
"B_cell","PML",-0.00100235272119049,0.998172982201055,0.998172982201055,0.998172982201055
