"TF","logFC","AveExpr","t","P.Value","adj.P.Val","B"
"SREBF1",1.55382737658345,7.39464799920295,5.54412071877162,2.22071408992602e-05,0.00818254584341109,2.84852602993882
"BACH1",0.868575902343633,2.78489182405185,5.26657978066051,4.11303884708339e-05,0.00818254584341109,2.28113346275004
"SREBF2",1.3760673845445,6.20727510131844,5.13982116027113,5.46440389363625e-05,0.00818254584341109,2.01901807883272
"TLX2",0.613210232755592,0.948631448195819,5.13754579542932,5.49241796116134e-05,0.00818254584341109,2.01429715291756
"KLF15",0.666308249660016,1.47938187195158,5.08511031338219,6.18014524120156e-05,0.00818254584341109,1.90535482529465
"OLIG2",0.776996973853769,2.12107353560389,5.04116535763034,6.82371210637511e-05,0.00818254584341109,1.813837313059
"PARK7",0.819155186168868,1.74087736853258,4.99365580221396,7.59652797133655e-05,0.00818254584341109,1.7146827085721
"TFAP2A",1.52651456001317,10.3349107697002,4.81812763193196,0.000113099953109228,0.0106596705805447,1.34655483570046
"STOX1",0.785432361779399,-0.515253679385928,4.69832261313152,0.000148598256741424,0.0114032260188228,1.09383860094395
"SMARCA1",1.06847954157762,3.79931587554907,4.69061378396629,0.000151236419347782,0.0114032260188228,1.07754158697273
"PRDM2",0.703720530632024,1.4024558408698,4.61494291825386,0.000179789406249863,0.0123237465738543,0.917356808707864
"SNAI2",-0.609020640252854,1.54012782528593,-4.54181552287509,0.000212562356242396,0.0130208950720083,0.76222018465043
"CTBP1",-0.701041291885798,-1.95521960604639,-4.48734273325887,0.000240845124700926,0.0130208950720083,0.646468158438857
"E2F5",0.740173243260612,-0.980508183910235,4.48567730705172,0.000241767282504132,0.0130208950720083,0.642926864154318
"IKZF3",-0.718631847836613,1.91165328814376,-4.42235482940758,0.000279603369861988,0.0140547293917293,0.508186410828472
"SIM2",0.642718277401344,1.30261158179673,4.24378481835921,0.000421671570628059,0.0198712727658473,0.127433875587376
"KAT6B",1.14437532039308,2.56809863637779,4.14413793092867,0.000530529540947459,0.0230870156452864,-0.0853433115439328
"DNMT1",1.0945313151902,7.13647091531424,4.12760038940666,0.000551148914608959,0.0230870156452864,-0.120664968611311
"NFIA",0.699465213977177,4.36964282492281,4.06417867451174,0.000637949166934597,0.0250628662100878,-0.256126192998082
"E2F4",1.98797564916455,13.1059627119561,4.01667180414934,0.000711821166855564,0.0250628662100878,-0.357581219518452
"E2F1",2.31808246808401,12.4102966465772,4.0162539972193,0.000712507428047356,0.0250628662100878,-0.358473374222762
"SATB2",-0.827406450979897,0.785607968197335,-4.00497994555078,0.000731277263424313,0.0250628662100878,-0.382546261154601
"ZNF395",0.964872683651085,2.55115251562949,3.96165444052146,0.000808122971098479,0.0254363692523797,-0.475037309400803
"PML",0.99179745729241,0.617637546273019,3.95708632321644,0.000816681401132638,0.0254363692523797,-0.484787153177487
"CEBPA",1.70519205483291,3.69601504752096,3.94313640986503,0.000843380943381291,0.0254363692523797,-0.514557839744649
"KAT6A",0.740727620054444,5.02455898950485,3.91495358685542,0.000900008904378878,0.0259198726085408,-0.574688121025465
"NFE2",0.491608000145512,-0.30936313020495,3.90159265155517,0.000928165199510081,0.0259198726085408,-0.603186881341806
"PPARA",1.2222479379222,3.93886115238642,3.84765097937161,0.00105105292674691,0.0283033538131133,-0.718183243010736
"PDX1",0.721088395131071,3.1174928992677,3.81557080170172,0.00113168719249749,0.0294238670049348,-0.786520073459841
"TBX10",1.16334232111847,2.33131217042376,3.78616914389907,0.00121098169577639,0.0298978252729407,-0.849110037881543
"ZBTB14",0.402934379704005,-0.836202878183736,3.77967739100707,0.00122922093297236,0.0298978252729407,-0.862923863905616
"ESR1",1.84483355366735,18.2698445951858,3.75655947883497,0.00129641868156975,0.0305468651844873,-0.912098476592897
"MEIS2",0.382738379886994,-0.994492817143795,3.73371742709866,0.00136639701748546,0.0306604138977058,-0.960656945893453
"NR1H4",0.615245984345201,2.87562597306076,3.72860526704687,0.00138256508292042,0.0306604138977058,-0.971520349924185
"IRF3",1.7149927103205,9.0026047414275,3.69115225597911,0.00150695127375284,0.0324640360117041,-1.05105833061524
"NFE2L2",1.75890095371732,11.7352270405462,3.67050181185791,0.00158021685999351,0.0330967642343085,-1.09487309186645
"E2F3",1.43018860679241,6.54978645430833,3.64429895909098,0.00167828266073919,0.0342006790864148,-1.15042441824817
"VDR",0.860887363664678,5.21181411521006,3.58024453652021,0.0019441067039708,0.0385751698629995,-1.28599468246935
"ZFX",-0.789197691467569,6.47669232849182,-3.52788342686146,0.00219198986534798,0.0410679517713531,-1.39654751960749
"CEBPZ",0.889891885951858,2.65296476089865,3.52779642248785,0.00219242667460097,0.0410679517713531,-1.39673099799122
"POU1F1",0.445137575389854,3.79961317036034,3.51186556493146,0.00227387302864021,0.0410679517713531,-1.43031383069265
"ARID3B",0.601924995082279,3.24800855961547,3.50923522143226,0.00228760474057935,0.0410679517713531,-1.43585620935135
"EP300",1.09685726887899,4.47879528874662,3.47412370275245,0.00247892556783705,0.0434676715848636,-1.50976965497283
"IKZF2",-0.943276151326562,3.96866263562635,-3.45817704275988,0.00257094370757641,0.0440566262616502,-1.54329466800602
"E2F2",1.31721276094853,4.43757842687357,3.42624712959217,0.00276541340593161,0.0452131220871779,-1.61033387375109
"ELF4",0.66065694287844,7.33815149205807,3.42434843394455,0.0027774227104222,0.0452131220871779,-1.61431652569476
"BACH2",-0.772943221654712,-1.66460762201534,-3.41794179929141,0.00281832458633602,0.0452131220871779,-1.62775168347406
"SP3",1.64414265883593,10.1352311700545,3.40318003038129,0.00291483580172924,0.0457872123854967,-1.65868895018965
"KLF3",-0.482529429408873,0.687010107254484,-3.39364246200635,0.0029789112316501,0.0458043826401936,-1.67866301011785
"EHF",0.865774679773897,3.6628234337803,3.38510706049554,0.00303742590452213,0.0458043826401936,-1.69652845666544
"CEBPE",0.573377169566383,4.9497704022144,3.3585876588756,0.00322652476733219,0.0471478746330008,-1.75197549605314
"SP2",0.891377707439735,2.73284888050495,3.34243066121745,0.00334734725894325,0.0471478746330008,-1.78571038987478
"IRF2",1.43909328580449,8.71734566851505,3.32586903724876,0.00347579836845441,0.0471478746330008,-1.82025253075228
"HCFC1",0.660295371471831,1.2993568186549,3.32549976663691,0.00347871678913577,0.0471478746330008,-1.82102226729487
"MNT",0.485444056668165,3.45174955140651,3.32286607721148,0.00349960112521532,0.0471478746330008,-1.82651157135092
"MAF",0.6366635144898,6.81124626274965,3.32260238055443,0.00350169891173481,0.0471478746330008,-1.82706113020692
"PAX2",-0.417243494874129,-0.288219113297728,-3.27404109966412,0.00390976941507881,0.0511148891823093,-1.92809158822584
"LRRFIP1",0.39789563865021,1.58755690829504,3.27154979942431,0.00393191455248533,0.0511148891823093,-1.93326508982056
"STAT3",1.81712849755408,15.4856546241144,3.22040010196313,0.00441465571155502,0.0554107407412473,-2.03926644226608
"CDX1",0.485886988632191,1.66648444804229,3.2134036189911,0.00448503192170644,0.0554107407412473,-2.05373256890965
"TBP",1.10309628569963,11.8337811887068,3.20863475507562,0.00453362712727165,0.0554107407412473,-2.0635880884564
"MYCN",0.790686710849085,9.34878635170674,3.20285473751958,0.00459321500092636,0.0554107407412473,-2.07552812713747
"GATA4",0.432215491793362,2.8746150250718,3.19633137415094,0.00466138401153219,0.0554107407412473,-2.08899686811291
"JUN",2.36185915413303,20.7035640349539,3.1900491964695,0.00472796462839359,0.0554107407412473,-2.10196069910116
"SOX3",0.256042986245801,0.614383317413662,3.18549706604234,0.00477678799493511,0.0554107407412473,-2.11135013790682
"TBPL2",0.455722726467494,4.59113740597429,3.16772295443125,0.00497217024083774,0.0568032782059342,-2.1479769160871
"IRF5",1.10962881426449,3.18759738574293,3.13937407648535,0.00530000645624354,0.0596448487762333,-2.20627710982062
"SP1",2.4558583563622,27.4741435922964,3.12000207260658,0.00553602741428104,0.0606492042831834,-2.24603037754143
"RELB",1.00135242550234,7.8365141701172,3.11876875202302,0.0055513948461545,0.0606492042831834,-2.24855886496686
"IRF6",0.626137713068383,3.94526308581266,3.11197632950466,0.00563677562389784,0.0606492042831834,-2.26247909581162
"USF2",0.907636415528508,8.48940251372724,3.10615224229579,0.00571099934231568,0.0606492042831834,-2.27440775421808
"IRF8",1.11188007801952,4.64623612006373,3.07938843554106,0.00606446455269957,0.0631195836541965,-2.32913872314153
"MYB",0.895035332182795,13.0459911071608,3.07597477369345,0.00611104722381478,0.0631195836541965,-2.33610926993374
"ZNF143",0.804232871590574,6.17153233738035,3.06489854273192,0.00626459538563023,0.063831147577908,-2.35871017846179
"KCNIP3",0.684585391682321,0.748594883158555,3.02145807102796,0.00690370044987819,0.0688107538105765,-2.44710406696401
"SPIC",0.847454887307359,1.96784376081856,3.01937827098956,0.00693583194907667,0.0688107538105765,-2.45132604567444
"HR",1.26513038378084,5.05923171176595,2.99341654412339,0.00734929793042727,0.0697023702067201,-2.50394858449062
"ARID1B",-0.77380163270743,1.80369679666495,-2.98540834887241,0.00748157507647354,0.0697023702067201,-2.52015045454158
"TEAD4",-0.580439100885933,3.30034929804281,-2.97725783277862,0.00761856336695177,0.0697023702067201,-2.53662541835131
"ZNF699",0.480461239226125,6.1671816636916,2.97426886693286,0.00766940433079459,0.0697023702067201,-2.54266335368586
"FOXM1",1.04393177731879,2.27072152666448,2.97372307429466,0.00767872331984172,0.0697023702067201,-2.54376567571848
"CREB3L3",0.398859017158438,1.04260912811452,2.97253522271685,0.00769904277295169,0.0697023702067201,-2.54616451080042
"NRF1",0.884866360262945,7.39591628202781,2.96615305264882,0.0078091082533356,0.0697023702067201,-2.5590475975689
"PBX2",0.45993628524078,2.4602675867632,2.96564293398305,0.0078179708941488,0.0697023702067201,-2.56007692188558
"PPARD",1.0057019929316,7.24966263236419,2.96336335923751,0.00785769425407322,0.0697023702067201,-2.5646759447062
"TFDP1",1.16333791935031,6.64990860212622,2.94785062881357,0.00813323347196278,0.0702282889021944,-2.59594067478947
"NFKBIB",0.969694574961382,5.43108311827411,2.94321278824885,0.00821740499230226,0.0702282889021944,-2.6052769374906
"EWSR1",0.566002295756327,4.11844636749358,2.9386283866345,0.00830143160030917,0.0702282889021944,-2.61450062275668
"IRF9",1.43837308988255,4.34907023483733,2.93679382452181,0.00833528841510107,0.0702282889021944,-2.61819031049575
"NFKB",2.49578313438245,27.2090380795517,2.93030782565346,0.00845605746057532,0.0702282889021944,-2.63122856744785
"HIF1A",1.87869517969178,18.2107415968382,2.92469738530856,0.00856188186310558,0.0702282889021944,-2.6424986193777
"TRERF1",-1.37905018379159,0.334663859824434,-2.92432404349832,0.00856896893766829,0.0702282889021944,-2.64324830574081
"RARA",1.06893511997432,6.20117506878417,2.91365640656284,0.00877387404367636,0.0704047326248739,-2.66465509109059
"BRD4",-0.570514484658896,6.98336931956943,-2.90616282893482,0.00892062312529731,0.0704047326248739,-2.67967585831187
"FOSB",0.880835778669255,1.18775205787969,2.89626654474275,0.00911804758242966,0.0704047326248739,-2.69949157840541
"PPARGC1A",0.521994101721223,3.31659429734537,2.89479003375599,0.00914786092682088,0.0704047326248739,-2.70244596798577
"AR",1.10339114953823,17.9762798036058,2.89204323210317,0.00920357324568597,0.0704047326248739,-2.70794066655236
"EOMES",0.945088832118508,3.85250489073636,2.8877046320707,0.00929223652958978,0.0704047326248739,-2.71661574502126
"ZFPM1",0.697822684127475,4.12268433264825,2.88113499834411,0.00942805769383094,0.0704047326248739,-2.72974277645273
"IRF7",0.911779085507747,3.01338143342035,2.88077109056789,0.00943563665564034,0.0704047326248739,-2.7304695952198
"ZNF384",0.439862725243692,0.211869517875195,2.87697148810532,0.00951511991608734,0.0704047326248739,-2.73805638475904
"MEOX2",0.706244055770803,2.61850150927969,2.87653710134587,0.00952424764951875,0.0704047326248739,-2.73892350508084
"HINFP",-0.521866532107496,4.42472371268893,-2.86875545307839,0.00968919477418311,0.0705719373801774,-2.75444902286138
"ZHX2",-0.322897001407603,-0.316422571890658,-2.86502218341382,0.00976929912874555,0.0705719373801774,-2.76189192533572
"MTF2",0.43431114972588,1.14694624883565,2.85435184068536,0.0100017721914439,0.0705719373801774,-2.78314518780148
"PRDM1",0.789945854926109,1.50888343573412,2.85409771490545,0.0100073730010345,0.0705719373801774,-2.78365099658811
"STAT1",2.40526246842436,21.4325190908239,2.85375864929396,0.0100148505300782,0.0705719373801774,-2.78432584232061
"TEAD1",0.503881193462221,2.39564160483645,2.84914308017489,0.0101171739272537,0.0706328624180493,-2.79350926783133
"THRB",0.417839914086961,3.25475378105847,2.84049669233787,0.0103115623870919,0.0712696140025782,-2.81069760494983
"FOSL2",0.683417759719363,1.83007893887008,2.83287141430785,0.010485961619118,0.0712696140025782,-2.82583964275376
"CAMTA1",0.639695647077023,3.79966312766259,2.83171463245114,0.0105126643494434,0.0712696140025782,-2.82813539174099
"HDGF",0.405434466192628,3.99249900385507,2.8285319964728,0.0105864678624519,0.0712696140025782,-2.83444980444821
"GBX2",-0.47823230661045,4.17123635428015,-2.8106581475454,0.011010262183599,0.0733079625778602,-2.86986118132356
"SSRP1",1.16246154719378,6.42931877369499,2.80762809456962,0.0110836972597826,0.0733079625778602,-2.87585566982273
"CEBPB",1.50399722026224,14.8940122952161,2.80133475537276,0.0112377206125601,0.0736803594945243,-2.88829801826278
"MTA3",-0.342793577653348,4.4038845979309,-2.78154345240124,0.011735549259022,0.0762546911730016,-2.92735524932295
"AP1",1.69023995994902,19.397454883395,2.77462920562023,0.0119143862525414,0.0762546911730016,-2.94097434199254
"ZBTB4",-1.06516911416067,11.4978372676147,-2.77388620958385,0.0119337580350321,0.0762546911730016,-2.94243702800541
"MYBL2",0.787114059528648,5.18857741643784,2.76075687462232,0.0122810757040382,0.0778145468978557,-2.96825793833389
"MBD1",0.817246720744592,0.990725759859081,2.73258859320549,0.0130590575578834,0.0818405225796836,-3.02348740211859
"ZNF423",0.225192278650164,-0.55595873974942,2.72644994022938,0.0132347280547365,0.0818405225796836,-3.0354925619722
"HAND1",0.308339654276374,0.132901239323342,2.72503862456917,0.0132754329219171,0.0818405225796836,-3.03825104446192
"MITF",0.817322878675073,6.49322381531675,2.72244178136853,0.0133506422775876,0.0818405225796836,-3.0433251467966
"TBX6",-0.221555828988921,1.5110093005266,-2.70647140288594,0.0138221689848243,0.0838801814221006,-3.07448604892715
"STAT5B",0.971307643875185,7.73754061328237,2.70369093591435,0.0139058656203748,0.0838801814221006,-3.07990334430752
"KDM5C",0.347462352824408,0.813183197910248,2.6909594342336,0.014295299550071,0.0855448877837581,-3.10467854522454
"CREBBP",0.775657590814984,5.81717401105834,2.68378525757892,0.0145192889462924,0.086201132799248,-3.11861740279475
"POU4F1",0.6223062362027,2.4601092370213,2.65879066205049,0.0153259799368618,0.0902796005655763,-3.16705473022838
"CDX2",0.42851829002902,1.72313585231415,2.65140847709084,0.0155722572297334,0.0906875347071172,-3.181323073019
"TLX1",-0.661977089087497,2.68901633020957,-2.64520308960717,0.0157821734320099,0.0906875347071172,-3.19330343825202
"ID3",0.691398642989485,2.79360218324456,2.64289346083042,0.0158609863799473,0.0906875347071172,-3.19775934465428
"JUNB",0.73959367955412,5.37098667467385,2.64244500987683,0.015876332335994,0.0906875347071172,-3.19862433045217
"MYBL1",-0.238836899219867,2.49996631427499,-2.6319406757151,0.0162398392597953,0.0912933455577587,-3.21886683110433
"HNF4A",0.746723482127642,5.47321481370732,2.63109695549612,0.0162693760253792,0.0912933455577587,-3.22049118040398
"GATA2",0.530222157403307,2.12377358402773,2.62775549018721,0.0163868536465561,0.0912933455577587,-3.22692196854865
"SOX18",0.582024095048367,-0.22773127418825,2.62549718742301,0.0164667042385347,0.0912933455577587,-3.23126610279456
"PAX5",-1.44361786061317,4.78842348812568,-2.61794151797542,0.0167365481736762,0.0918507457126829,-3.24578825511625
"WT1",0.673466175570927,5.98908144674497,2.61588048580441,0.0168108791887934,0.0918507457126829,-3.24974634343949
"HAND2",0.392049861723046,-0.826327726313668,2.60811195489998,0.0170938667786866,0.0923275255093648,-3.26465272115575
"AHR",1.06206269172444,7.07515676512439,2.60677442289363,0.0171430418717653,0.0923275255093648,-3.26721717880694
"BTG2",0.477709405380307,3.89601972916144,2.59149870639724,0.0177142275356106,0.0930222514569987,-3.29646300419264
"MAFK",0.567854820027161,2.81164319854137,2.59132293035965,0.0177209035416596,0.0930222514569987,-3.29679907678683
"LHX8",-0.375048408871518,1.73717135130961,-2.59090589728842,0.0177367520407082,0.0930222514569987,-3.29759637576619
"ELF2",-0.682509077298992,2.96807043012989,-2.59014972916272,0.0177655228246788,0.0930222514569987,-3.29904189574945
"NSD2",0.557459922801692,2.09123681885675,2.58027168636394,0.0181454341459831,0.0943562575591121,-3.31790735440555
"YY1",0.589850566031476,7.47494417121069,2.5691018838188,0.0185842586569009,0.0959353558898535,-3.33919979570504
"PURA",-0.371406575952196,2.26831245292569,-2.56610776897184,0.018703577341921,0.0959353558898535,-3.34490004880189
"LHX3",0.243281777959112,0.0294803299240198,2.54841763195094,0.0194234136470374,0.0989544181747714,-3.37851546354264
"PITX3",0.662208184281419,1.33952089278445,2.5378772004002,0.0198646382406859,0.100057814346643,-3.39849271929926
"RORA",-0.53202630099512,1.7211739508841,-2.53691456998914,0.0199054007320907,0.100057814346643,-3.40031523734967
"NR3C1",0.76636378457523,2.74323753703799,2.51187020350148,0.0209939578591432,0.104830756462212,-3.4476148393897
"BHLHE41",-0.4614910415028,-0.218470492503069,-2.50210332594493,0.0214334395217587,0.106321140785566,-3.4659996390921
"TWIST2",-0.397178981759817,1.1825460883342,-2.49798903089829,0.0216211433673791,0.106551255549045,-3.47373382942469
"NCOA2",0.539536176095822,4.83621279469188,2.49172979339536,0.021909664228376,0.10727199239088,-3.48548825990672
"ZNF436",0.506835188821681,2.78861691286043,2.48015816951275,0.0224525890787948,0.108411280147904,-3.50718096235795
"GATA6",0.342178339222009,2.04634924387625,2.47769256738572,0.022569889379938,0.108411280147904,-3.51179667759381
"ESR2",0.91420654232996,9.05103254538515,2.47761263835119,0.0225737015692586,0.108411280147904,-3.51194627037675
"IRF1",1.46511454769181,14.2735643624485,2.46517298868417,0.0231744115685204,0.109723043445108,-3.53519883359852
"ETV5",0.526383710439765,1.1051451953022,2.45937681154169,0.0234593887732653,0.109723043445108,-3.5460133607889
"WWTR1",0.431279226167138,0.960190368624237,2.45929444648774,0.0234634618895693,0.109723043445108,-3.5461669463489
"EGR1",1.37410888992753,11.7697970153085,2.45777790991792,0.0235385759614331,0.109723043445108,-3.54899436297737
"E4F1",-0.419340800620495,4.60018657704483,-2.45466249517437,0.0236935885313945,0.109723043445108,-3.55479997870897
"FOSL1",0.431743398090228,1.68364389269482,2.4541342183025,0.0237199682779212,0.109723043445108,-3.55578406423173
"RB1",0.686762544614971,1.06720039840673,2.44591750204219,0.0241338246387873,0.110681619461832,-3.57107665961252
"MEIS1",-0.534075057513882,-0.645109946725529,-2.44420786397431,0.0242207787946979,0.110681619461832,-3.57425532334965
"SMARCB1",0.467172117809647,-1.74190271973628,2.43569399727133,0.0246581783245482,0.112001605160899,-3.59006812066675
"TP53",1.29107088591128,24.3674364103749,2.42766082995187,0.0250776338075324,0.112810186942479,-3.60496247624071
"CEBPD",0.638615641389097,4.4100115640512,2.42656386546176,0.0251354262683508,0.112810186942479,-3.60699442510441
"CXXC1",0.424793013985005,4.00458048949108,2.42134896316005,0.0254118713318854,0.113376041326874,-3.61664778126543
"BCL6",-0.939152179075806,-0.304640680470257,-2.40887353726971,0.0260847457793615,0.115693519515521,-3.63969799892454
"TWIST1",-0.442915801296041,0.184245618419205,-2.40495998268457,0.0262992244555514,0.115962662219215,-3.64691625873116
"PBX1",0.356893639777162,3.01788293342939,2.39815798830434,0.0266759137383216,0.116939761387759,-3.65944760083147
"TFAP2D",0.265446446328668,-0.20354203370211,2.39431373768301,0.0268910206863796,0.116947969800269,-3.66652174521394
"ZBED1",-0.497645124069289,12.1416523407342,-2.39259006114207,0.0269879930308313,0.116947969800269,-3.66969172049567
"USF1",0.650446616285154,11.2311906371055,2.3888027897058,0.0272022050430708,0.11699767973428,-3.67665263483432
"TBPL1",0.419833280536618,6.22668474426826,2.38691090703817,0.0273098032270998,0.11699767973428,-3.68012771772138
"ASXL1",0.303153993905047,0.608642204576308,2.38353478616795,0.0275027993108124,0.117158817403122,-3.68632553516785
"NCOA3",0.877016997877873,6.47410066196267,2.37830260050498,0.0278044040933852,0.117778206103441,-3.69592161106258
"TBX15",0.335300010941393,4.12357271934137,2.36144701410573,0.0287970525489916,0.121301550960557,-3.72676007555568
"NPM1",-0.407944027305515,6.27257950220092,-2.35398214811529,0.0292470933841083,0.122512824508987,-3.74038047047321
"HLF",0.330587799928679,2.15786033017372,2.35130580280681,0.029410026907644,0.122514697725766,-3.74525814499979
"STAT2",1.09789526631912,6.29445864639254,2.32513471968488,0.0310482243026389,0.128628357825218,-3.79279844185253
"KMT2B",0.385324230259047,3.09469619477437,2.3199262480587,0.0313841649905965,0.128637795678525,-3.80222547767136
"HNF1A",0.457689715486286,0.637191167901667,2.31980975861327,0.0313917167173059,0.128637795678525,-3.80243618582694
"HOXC8",0.531866116309186,0.786892866491234,2.30340346658504,0.0324722310160315,0.132346282086961,-3.8320545706316
"MLX",-0.506299307250043,1.63586450128249,-2.2933711822474,0.033149769787145,0.134381324836061,-3.85010916942224
"TSHZ3",-0.15800297254095,-2.41470117176248,-2.2874046074429,0.0335588879303643,0.134650273962955,-3.86082632173296
"GTF3A",0.638950669833162,4.25834591684781,2.28719596832733,0.0335732778581373,0.134650273962955,-3.86120079989831
"HDAC3",0.734603262769782,-0.0052666223977527,2.28440135460096,0.0337665727149723,0.134708972630101,-3.86621492028399
"RELA",1.7567215175641,21.8282403070274,2.28085261998467,0.0340135060313657,0.134979913408683,-3.872577195548
"EBF1",-0.946070764445377,0.44734371035999,-2.26429674047052,0.0351876545515567,0.138908332627611,-3.90218625703941
"ATF4",1.03345789924602,8.24145673785464,2.25535540337393,0.0358371781073283,0.140461307051252,-3.9181269982448
"RXRA",0.48414901273248,2.35810690958107,2.24896846683218,0.0363078715544794,0.140461307051252,-3.92949197564994
"NR4A1",-0.504660640224379,3.7821712531132,-2.24645575001123,0.0364946012278328,0.140461307051252,-3.93395814008072
"NCOA1",0.850211911028058,4.25021719442616,2.24601467713949,0.0365274699170192,0.140461307051252,-3.93474182250375
"SMAD6",-0.338458408958428,-1.57694993626665,-2.24411327651748,0.0366694734736209,0.140461307051252,-3.93811916570592
"GLIS3",0.341068638625892,0.015661763824694,2.24372175618662,0.0366987765107383,0.140461307051252,-3.93881439854534
"NFKB1",1.67109997869803,21.3024788512782,2.24089621747174,0.0369108900792974,0.140559652120153,-3.94382974233276
"PHF5A",-0.61570733774095,1.3218683649395,-2.23805257177732,0.0371254986727165,0.14066646230768,-3.94887360476613
"SALL3",0.349920300500835,1.79599748476326,2.23236788372766,0.0375579557078277,0.141593493018511,-3.95894579113288
"TOX3",-0.551127051967129,3.1138633209953,-2.22893363532968,0.0378214467411999,0.141877466879924,-3.96502355109632
"MAFG",0.446024796967449,3.08467303909679,2.21020329033024,0.0392885817415846,0.146651438777994,-3.99807713758541
"TFAP2B",0.484414425347505,1.08859934876853,2.20465582151631,0.0397330070814054,0.147579740588077,-4.00783595542801
"POU2F3",-0.359890060955923,4.16344088667388,-2.19908552948271,0.0401838835154573,0.148335874914786,-4.01762063696337
"NKRF",0.43858603738457,1.2867239216285,2.19456085304216,0.0405535623184723,0.148335874914786,-4.02555803123093
"MYT1",-0.275982497036184,1.41228992604087,-2.19201891302315,0.0407626068971754,0.148335874914786,-4.03001304659975
"NKX6-1",-0.287081586978908,-1.216056022454,-2.19192335820886,0.040770484319399,0.148335874914786,-4.03018045775604
"NR2F1",-0.348572498248301,4.77069918951206,-2.18749038110737,0.0411374658623293,0.148335874914786,-4.03794231437351
"CEBPG",1.21354848571816,8.77972363663005,2.1869720252382,0.0411805740887936,0.148335874914786,-4.0388493231562
"DDIT3",1.02621449705102,10.0794329840494,2.18537430890307,0.0413137052149934,0.148335874914786,-4.04164418527948
"FOXO4",0.552002142383871,4.28669126093465,2.18032866732566,0.0417367215775422,0.149144493220222,-4.05046260612604
"MAFB",0.416691598530095,0.914631635034868,2.16229146593453,0.0432814334206188,0.153931384097889,-4.08188872549398
"MTA1",0.58091913891822,5.06459198610498,2.15732812378475,0.0437155401232994,0.153931384097889,-4.09050926727241
"HMGA2",0.414177328043822,4.7685793540891,2.15625329386747,0.043810068124031,0.153931384097889,-4.09237452986235
"ID1",0.468217243157094,5.61116234818849,2.15531317385935,0.0438929013011223,0.153931384097889,-4.09400556416423
"KLF5",0.43936351414008,6.46570080165051,2.14918626847834,0.0444362381728119,0.155115386955093,-4.10462490345676
"ETS2",0.787478817547068,7.93387723756925,2.14221220895955,0.0450621409553352,0.155500160170438,-4.11669062320171
"DOT1L",0.379724331575089,3.00782575825835,2.14144476054245,0.0451315045857874,0.155500160170438,-4.11801694378617
"NR1H3",0.734768420725689,6.61030431036302,2.14107271372692,0.0451651658850476,0.155500160170438,-4.1186598206662
"ATF3",0.830500636645868,6.78677811213798,2.13006354349895,0.0461716138019835,0.157420198184285,-4.13765275531478
"NEUROG2",-0.309506175996193,1.07689179856562,-2.12566159140302,0.0465797027795952,0.157420198184285,-4.14523049284258
"MTF1",0.569020573529882,4.02199054962391,2.12539864807677,0.0466041825774638,0.157420198184285,-4.14568283746992
"RARB",0.316393495591215,3.18462289508201,2.12415699632699,0.0467199370584348,0.157420198184285,-4.14781841019704
"DLX2",-0.389302887236742,-1.18863536045683,-2.1216815411781,0.0469514929922356,0.157420198184285,-4.15207380887998
"MYF5",0.237813084991929,2.36427073929681,2.12142527873369,0.0469755233308543,0.157420198184285,-4.15251416228736
"ATF2",1.10464143596469,9.56489842940426,2.11732627351079,0.0473614157514681,0.158011095029234,-4.15955339284779
"NFYA",0.853705353805553,9.50793199799731,2.10650348866292,0.0483941511144783,0.160745330133553,-4.17809969225051
"IRX1",0.431922888099976,-1.2970083269812,2.0989816780147,0.0491238648803726,0.161632609591976,-4.19095523845201
"ISL1",-0.235707262751772,-1.45138908773909,-2.09739477217091,0.0492790814281941,0.161632609591976,-4.19366383598804
"FOS",1.0858007460098,14.0824689797001,2.09713658409906,0.0493043769312393,0.161632609591976,-4.19410440374963
"SMAD3",0.723412922046685,3.83258765721462,2.09138660970543,0.0498707715573249,0.161732003674437,-4.20390745575654
"ZIC2",0.459915505402247,-0.411512783402153,2.09056329869493,0.0499523505080597,0.161732003674437,-4.20530975691109
"PITX1",0.275022116495358,-2.07820035337462,2.09030275348305,0.0499781921169015,0.161732003674437,-4.20575345891574
"PAX6",0.491654456325499,1.48615656826767,2.08769785418155,0.0502372183866737,0.161875481468171,-4.21018767051997
"THAP11",0.717414388524802,2.81824121253108,2.08328072712397,0.0506792226094736,0.162555915804756,-4.21769899085326
"FOXA2",0.349048463022962,1.64823259779075,2.08129001954224,0.0508795704640881,0.162555915804756,-4.22108098471123
"SIRT1",0.411712295345964,2.94790044426216,2.07572868111506,0.0514430667435507,0.16366275242463,-4.23051851605843
"TRPS1",-0.326962464636506,-2.55642974442156,-2.07218761899579,0.0518047890219013,0.164121054296276,-4.2365195260109
"JDP2",0.696198154059946,5.22495892050409,2.06894960243513,0.0521375612794207,0.164484189140934,-4.24200141202768
"SP6",0.300914952287879,-0.0169891248789864,2.06430801559367,0.0526179407266621,0.165308030449597,-4.24985023014648
"HEY2",-0.222649757781819,-0.16045700174566,-2.05657479723018,0.0534271512093107,0.166837365402482,-4.26290256195693
"HIVEP2",-0.567159372064438,10.6339557448791,-2.05543587490141,0.0535472711238736,0.166837365402482,-4.26482228488069
"ONECUT1",0.382736722046783,0.158036858742736,2.04352552841567,0.0548180706044292,0.170038766797133,-4.28485802381047
"FOXP3",0.727421262438967,2.98663878536712,2.04160220574246,0.0550258078229448,0.170038766797133,-4.28808661311869
"ZFP64",0.418553151085231,2.27143675539623,2.02822793432989,0.0564900246004573,0.173850932852019,-4.31048437584472
"ELF5",0.412589521046846,-1.09773919905648,2.02603294128898,0.0567336456882844,0.173890930280351,-4.31415142510845
"GATA3",0.412919717993877,7.51586993277194,2.02086551593509,0.0573109004833726,0.174949064633453,-4.3227744113508
"HOXA13",0.294748916308792,-0.147030045861839,2.0175060845329,0.0576890028386811,0.175393177985345,-4.32837286338556
"MAFA",0.389570555476017,0.736984016231191,2.01126483648283,0.058397391042511,0.17683386685162,-4.33875809231566
"FLI1",0.665079559206259,7.17012301438624,2.00306764923699,0.0593396104489962,0.178968265114173,-4.35236673672316
"PKNOX1",0.443054665963608,1.16087284191556,1.99958555201003,0.0597439570806591,0.179469894975366,-4.358136812808
"TBX21",0.924635374767633,9.76161660191891,1.98561938315798,0.0613905947454809,0.183684557294018,-4.38121486893854
"YBX3",0.358356624051034,2.29616432765699,1.97936859132613,0.0621406132770121,0.18519376446983,-4.39151003458333
"HBP1",0.396350072786487,5.34134866268833,1.97405024231423,0.0627851743551798,0.185843607748502,-4.40025290170552
"NOTO",-0.386650538416507,6.11156306753355,-1.97350477905363,0.06285161800513,0.185843607748502,-4.40114872968037
"GLI2",0.354727830157311,-2.51536022606256,1.96998262725338,0.0632821671683428,0.185898067845602,-4.40692937682439
"ZEB2",0.355501090959574,1.43847092589165,1.9679479860388,0.0635320781742937,0.185898067845602,-4.41026562412818
"HMGB2",0.467970541195597,3.35943810800952,1.96731761418993,0.063609683692527,0.185898067845602,-4.41129880403729
"BHLHA15",0.370688710068022,0.0213587689224033,1.96385810621944,0.0640370910238409,0.186397294024087,-4.41696510214859
"CREB1",1.4259264629917,17.7808232309525,1.96194189793449,0.0642749289738231,0.186397294024087,-4.42010084537874
"EZH2",0.296932386114375,5.0862276820998,1.95759826898437,0.064816969082952,0.187249021795195,-4.42720149578245
"ENO1",0.409664701894339,3.26730165137843,1.95131389175529,0.0656083914423629,0.18881193567764,-4.43745651555929
"PROX1",-0.315054723469156,1.43380815249863,-1.94446404939867,0.0664807977433327,0.190595138777463,-4.44860963644703
"TBX3",-0.344431696383333,-1.39060881565844,-1.93574444608242,0.0676062333116528,0.192307611489959,-4.46276980590162
"LMO2",0.307205184826455,1.96463333648812,1.93542497513862,0.0676477863870696,0.192307611489959,-4.46328781245768
"MYOD1",0.469255486260297,7.89060877182337,1.93392438662054,0.0678432687749723,0.192307611489959,-4.46572018795249
"MEF2A",0.351107439401517,6.75381358042195,1.92920555026533,0.0684612620042437,0.193332552626216,-4.4733610441776
"TFDP2",0.337094748170444,1.45586162808849,1.92498352809191,0.0690184143165764,0.194178673114547,-4.48018696609297
"ARX",0.27845978433876,-0.346462910518161,1.92083041041317,0.0695703883281139,0.195003988101851,-4.48689180377451
"LMO4",-0.155641098270256,-0.13405730934903,-1.90878065225008,0.0711940477110786,0.198112930145439,-4.50629047836261
"MYRF",0.300452484804162,0.31945112694382,1.90869986807794,0.071205045184899,0.198112930145439,-4.50642025636232
"EMX2",-0.221333113814602,0.054797748052855,-1.89876253400071,0.0725693559136128,0.201094132997708,-4.52235631277832
"RXRG",-0.203039086229527,0.611850183247583,-1.89702727255648,0.0728099447060667,0.201094132997708,-4.52513335232877
"SOX11",-0.311243784527389,0.750719108375732,-1.89449763309956,0.0731619324153163,0.20132882131806,-4.52917862484559
"ZNF335",0.265042653677097,2.21448670911762,1.8898775679714,0.0738086685736118,0.202369949470921,-4.53655742684044
"TADA2A",0.307669775656158,4.04435374167013,1.88737490369102,0.0741611022440507,0.202599532942081,-4.54054941512537
"CREB3",0.353569322799329,4.91342962203913,1.88437088189015,0.0745860963986428,0.203024969980421,-4.54533640298032
"NUPR1",0.652872184281746,4.47999342463956,1.87843904571912,0.0754316074353401,0.204040132550608,-4.55477380168696
"GATA1",0.523183071712791,4.42862524929378,1.876318978092,0.075735837319216,0.204040132550608,-4.5581418884928
"HOXA7",-0.266003288456633,4.50437640865167,-1.87496675813208,0.0759304444132947,0.204040132550608,-4.56028877260029
"TBXT",-0.481608258445562,4.09277996810714,-1.87419658479583,0.0760414817595766,0.204040132550608,-4.56151108739911
"TFAM",0.279628267705728,4.74027189084738,1.87053116407554,0.0765718918188325,0.204734774579432,-4.5673236746983
"TFE3",0.59452925980404,2.6350437863754,1.86712175788534,0.0770681718091285,0.205333574360717,-4.57272333441059
"PLAGL2",0.38521146730848,1.08173975931902,1.85808762045846,0.0783968879192635,0.20804482087644,-4.58699872352036
"NR5A2",0.25720802916691,1.91937824173208,1.85574139150708,0.0787452369059827,0.20804482087644,-4.5906984098117
"REL",1.06744261168896,13.1225050054534,1.8546109978132,0.0789135527462358,0.20804482087644,-4.5924797471049
"CLOCK",0.556825548935823,6.39664113093787,1.84797559339149,0.0799079417388733,0.20993236261711,-4.60292119655799
"ETV1",0.225279579094489,2.14594871974803,1.83970219975859,0.0811631683534915,0.210682046511219,-4.61590418373228
"SRY",0.405231403216997,0.559747693469813,1.8395241662135,0.0811903679823399,0.210682046511219,-4.61618312168924
"NR1H2",0.387375270139784,3.06932571766692,1.83923492655801,0.081234574479015,0.210682046511219,-4.61663625462746
"AIP",0.191746071879432,-0.64730340770209,1.83754657299214,0.0814930377879992,0.210682046511219,-4.61928030883843
"MSX1",-0.23252454723943,0.864614110435991,-1.83691182561813,0.0815903946701271,0.210682046511219,-4.62027392524452
"LHX2",0.248933361619142,2.78895853751717,1.8328553787143,0.0822149742319318,0.211570274985927,-4.62661818582368
"FOXF2",-0.371495310203121,0.168069224894561,-1.82843441713065,0.0829004356391697,0.212608600244673,-4.63352151247632
"NR5A1",0.309020747682348,5.14138722981762,1.81724974450977,0.0846569333549562,0.216377382202159,-4.65093478580368
"MXD1",0.361522861517274,2.34122011139519,1.80510726403005,0.0866005178477132,0.220597265058026,-4.66975509857031
"SOX5",0.207263391649868,-0.12362931214585,1.79915104584171,0.0875680237785348,0.222310740501735,-4.67895476377933
"SPI1",1.71023141578051,15.9301837482631,1.79397169144031,0.0884169682057438,0.223712731634667,-4.68693721384871
"CTCFL",-0.269971375222999,1.42256488334491,-1.79099233065189,0.0889085472060619,0.224204162519634,-4.69152170539591
"HOXA10",0.502137603243121,2.51310465392126,1.78599667216977,0.0897381337562342,0.225541842840669,-4.69919675384862
"ETV7",0.304419701606293,1.71270497913402,1.76786599872879,0.0928056187927708,0.232026983343438,-4.72692455110542
"JUND",0.707658537253532,4.04553790017718,1.76601317235463,0.0931241493502614,0.232026983343438,-4.72974685423138
"TP73",0.358388549469727,9.10653400200849,1.76533129649818,0.0932416126698433,0.232026983343438,-4.73078498757003
"TFAP4",0.485304319664612,5.38945268238952,1.75825021366054,0.0944690313469785,0.234308058011914,-4.74154885613757
"ARNT",0.442396014688882,3.80814717918247,1.75115163662589,0.095713473669609,0.235863955781129,-4.75230838664582
"NR1D1",-0.282698125719571,0.114218797709831,-1.7511034079881,0.0957219767493705,0.235863955781129,-4.75238138206709
"SF1",-0.14899411277,-0.263717266260233,-1.74600169955426,0.0966251373852818,0.237313855337142,-4.76009484971028
"IKZF4",-0.246155701171348,0.599916799719306,-1.74165989415796,0.0973995518600896,0.237839436819461,-4.76664670619243
"FOXL2",-0.288388214219528,1.62551982295752,-1.74010847845882,0.0976775604005571,0.237839436819461,-4.76898498393737
"HOXA1",0.339156403934192,2.90735130211515,1.7395074582366,0.0977854448461977,0.237839436819461,-4.76989043389445
"DNMT3B",0.408644915031715,4.73403239190332,1.73360381625321,0.0988506291003404,0.239657152223976,-4.77877246137161
"SMAD7",-0.274922384505118,3.59851835277441,-1.72984271239118,0.0995344349088315,0.240541551029676,-4.78441972018015
"HOXB7",-0.176245948930043,-1.22212445889052,-1.72157450918262,0.101051991860676,0.242786051034296,-4.79680326377851
"HOXC13",0.209241970251372,-0.187092153367822,1.72127579488402,0.101107188361763,0.242786051034296,-4.79724985596907
"TBX5",0.308728794413938,0.227022094655794,1.71913190520799,0.101504097232224,0.24296536289872,-4.800453430505
"SPDEF",0.319832405942863,1.58448872036497,1.71297391117914,0.10265160487951,0.2443372956329,-4.80963913896637
"EGR3",0.482563383033485,3.67186448077804,1.71258012575826,0.102725361691816,0.2443372956329,-4.81022572555701
"CUX1",0.463237411470799,9.72522423543516,1.70592396461951,0.10397896750264,0.246541325462233,-4.82012600019788
"ETV2",0.261019262879755,0.118836148376413,1.70068556383539,0.104974751056474,0.248122138860756,-4.82789781329279
"ZBTB33",0.28293712994015,1.45216416987985,1.69806824167608,0.105475336704815,0.248526262110721,-4.83177441336256
"HSF1",1.37438024684617,12.2128533593619,1.69560975886753,0.105947401734983,0.248860875103355,-4.83541178692315
"NHLH1",0.29039753725153,1.85536103378261,1.69084256038749,0.106867924099977,0.249938860458731,-4.84245398773604
"SP4",0.375728011224264,3.1570596636147,1.68818409766663,0.107384222205198,0.249938860458731,-4.84637482800391
"HOXB9",0.1811415590809,-0.623420777088746,1.68727237456406,0.107561777213513,0.249938860458731,-4.84771844570129
"RUNX2",0.418777609131565,1.89951777951714,1.68639813696532,0.107732267439108,0.249938860458731,-4.84900632159083
"POU4F2",0.355142187068283,1.97865563527397,1.67449499208782,0.110076615214962,0.253981856237953,-4.86649261838299
"STAT5A",0.665909793509988,11.9109000707048,1.67413278026153,0.110148629959961,0.253981856237953,-4.86702329854321
"SOX2",0.185336426537415,0.555724318352117,1.65738244126449,0.113523027933926,0.260964521531038,-4.89147186695352
"HOXD3",0.408924510329861,1.60235502027712,1.6530499435127,0.114409984246627,0.261621429037229,-4.89776592701954
"SMAD4",0.554203466941602,2.77386824584103,1.65131404769305,0.11476700663919,0.261621429037229,-4.9002843323716
"SNAI1",0.274366855805506,4.48402230107803,1.65091251031231,0.114849725479208,0.261621429037229,-4.90086659580846
"HOXB3",0.147339579905081,-0.376571666867996,1.6472967815063,0.115596865587705,0.262530230882921,-4.90610497536026
"VSX2",0.442783727047659,4.28182052182941,1.64489144675565,0.11609617377612,0.26271065387979,-4.90958503866618
"KAT5",0.403473068365306,6.85716708407398,1.64347047371113,0.116392002466907,0.26271065387979,-4.91163914033462
"ELF3",0.332966765211676,1.46305492244593,1.64040507107608,0.117032355956558,0.26271065387979,-4.91606586358944
"ZFHX3",0.324334842954048,0.787164596698054,1.6402253115545,0.117069999606909,0.26271065387979,-4.91632526183589
"MZF1",-0.220916427689669,0.819699262385725,-1.63719399194488,0.117706337320089,0.263354831867499,-4.92069635362456
"TFAP2C",0.290360176862654,-1.0840422998334,1.63061814804739,0.119096810702281,0.264214658965906,-4.93015782004809
"RXRB",0.348513039718381,0.405554817648701,1.62699408345398,0.119869042102012,0.264214658965906,-4.93536003550259
"TET1",0.385710385417844,4.5499885174345,1.62695994402937,0.119876336740015,0.264214658965906,-4.93540900024856
"NOTCH1",-0.522281762060696,2.61379090103698,-1.62525391966881,0.120241344089902,0.264214658965906,-4.93785489967468
"NFATC1",0.726692265808108,5.44200070325981,1.62503284395926,0.12028871229272,0.264214658965906,-4.9381717116727
"BCL3",0.392493476013885,2.430588884874,1.62386576955958,0.120539033583504,0.264214658965906,-4.93984364958931
"SRSF2",0.445392351777478,10.2118781930648,1.62384469447171,0.1205435579367,0.264214658965906,-4.93987383325418
"PBRM1",0.415562829600792,2.75218352316631,1.61014234291835,0.123515634094349,0.269944313354027,-4.95943600001759
"ZBTB17",0.332014419650043,7.73332505015826,1.6068249763352,0.124244386588639,0.27075221817293,-4.96415328125148
"MYC",0.969430833364554,40.3953729357237,1.59723202974839,0.126372124859328,0.274159292073993,-4.9777530757777
"RUNX3",0.377284766082409,2.66933234742728,1.59650305108927,0.126535057880305,0.274159292073993,-4.97878402207769
"NKX2-1",0.270086858669063,2.71245523432181,1.59258218278567,0.1274144339282,0.274534037718584,-4.98432293295938
"NEUROD6",0.424630431871306,3.4959316600638,1.59248531440555,0.127436224405178,0.274534037718584,-4.98445964583642
"CREBZF",0.265589469695196,1.25728474269805,1.59079094723731,0.127817877019865,0.274571735820452,-4.98684993092903
"ASCL1",0.328760112942609,2.7773603241328,1.58293046772844,0.12960099174892,0.277611215280357,-4.99791362879018
"BARX2",0.292660040445727,2.09601072132444,1.57852969021015,0.130608352658039,0.278976481314905,-5.00408956445332
"ZNF236",0.191850679324766,0.929746811644066,1.57462004717162,0.131508777249922,0.280106265667914,-5.00956526637554
"AHRR",-0.258243534855167,0.31937771783287,-1.56735189604949,0.133196485031375,0.282901830179315,-5.01971722269156
"KLF11",0.195636785162043,-0.344859761614064,1.5619958655446,0.134451725577087,0.284311670011784,-5.02717538966237
"ZEB1",-0.200790972794732,1.69200853701595,-1.56130475183589,0.134614411398152,0.284311670011784,-5.02813632766485
"EGR2",0.463375494116793,6.64941548769851,1.55965545766573,0.135003312822496,0.284336586223915,-5.03042822138558
"ETV4",0.433059124577715,6.08811116725613,1.54926399293067,0.137475190849902,0.288736194709822,-5.04482563436449
"NFE2L3",0.275344167230868,-0.598300444830885,1.54466525785655,0.138581073473481,0.289871495846478,-5.05117356189576
"ATF1",0.5093143073401,12.0089151234821,1.54294960295976,0.138995534882552,0.289871495846478,-5.05353806504536
"ATF6",0.635216026622133,10.711449915872,1.54186099932291,0.139259049057326,0.289871495846478,-5.05503731979859
"HOXB13",0.283196717702191,-0.458170292097859,1.54064653770788,0.139553518557389,0.289871495846478,-5.05670894611791
"STAT4",0.558235288257765,6.48944154600645,1.53412145753966,0.141144509345148,0.292370769357807,-5.06567286710228
"MAX",0.32762317696915,7.7930821777092,1.52884161289704,0.142442857316144,0.294251820318829,-5.07290458083575
"POU3F1",-0.244653741973402,0.399600716915211,-1.52367640878867,0.143722567839493,0.295330743262243,-5.07996057046777
"REST",-0.164944726997995,1.04430786568665,-1.52224414996481,0.144079097956748,0.295330743262243,-5.08191384291303
"NCOR2",0.431415240987704,4.16801235616307,1.52199896954966,0.144140203608098,0.295330743262243,-5.08224806974066
"BARX1",0.215552204170436,0.734724908193708,1.51981709833483,0.144684929668648,0.295643460623741,-5.08522052635371
"HOXC6",-0.201866762304816,2.08690223351424,-1.51154605647975,0.146765343801843,0.297910328909489,-5.09645838735445
"FOXH1",-0.239155017904628,1.91882898235305,-1.51138523176474,0.146806039373619,0.297910328909489,-5.09667642637617
"PAX9",0.159936584535498,-0.555827989025577,1.51069962515124,0.146979631769668,0.297910328909489,-5.09760573853154
"ZBTB32",0.222720379011796,0.487266431878993,1.50600292026037,0.148173372018329,0.2991240123113,-5.1039630861409
"ZNF300",-0.466898781682782,2.17038462281436,-1.50522501559228,0.148371857565552,0.2991240123113,-5.10501454746198
"NR1I3",0.216814122190581,1.57560259469913,1.4990206647631,0.149962772915144,0.301525148741384,-5.11338550603315
"GFI1B",-0.399155399289704,0.0150073589702951,-1.49306052750815,0.151504255397001,0.302869088866935,-5.12140147151454
"RUNX1",0.449733808282365,11.5888592370419,1.49292021302011,0.151540701488195,0.302869088866935,-5.12158988300316
"NFKBIZ",0.423998278311084,1.15481280306698,1.4917834840566,0.151836227575201,0.302869088866935,-5.12311574780224
"ATF5",0.308781906895657,9.27215772327766,1.4863328529512,0.153259860912433,0.304902203503891,-5.1304196102483
"HEYL",-0.127254636601628,0.447657904498006,-1.47937686504273,0.155092555330966,0.307736280840917,-5.13971011206792
"TAF1",0.369034866765017,7.73505915744289,1.47492103809327,0.156275935410775,0.309270486350983,-5.14564332416819
"BMAL2",0.538889100897157,3.89178045864403,1.47145162484019,0.157202449693479,0.310289652012783,-5.15025328465687
"PAWR",-0.20953304951174,-1.75110729891582,-1.46563623813564,0.158765527796245,0.312556678742477,-5.15796119530823
"NR6A1",0.155572757270028,-0.15973152141495,1.46241715854532,0.159636203417438,0.31266577487586,-5.16221748544604
"AEBP1",0.399105561942424,1.02124009491474,1.46236517238885,0.159650296189929,0.31266577487586,-5.16228616109468
"RARG",0.216593965158233,0.445222063130464,1.44540316360059,0.164302913153046,0.320176388610192,-5.18459006330718
"NFATC2",0.50691123953773,7.64762417540149,1.44528911445869,0.164334565506823,0.320176388610192,-5.18473932967302
"BATF",0.342416900139856,5.29282447412828,1.44151654487548,0.165384371202926,0.321391278059294,-5.18967153902346
"KAT7",0.40834340194773,9.65807211743937,1.43433722323292,0.167397216545151,0.324466584254612,-5.19902926818745
"ID4",-0.261110869629363,0.962490221947084,-1.42880482834247,0.168961821759221,0.326659522067827,-5.20621485917276
"ETS1",0.526573034724251,14.4843113311999,1.4272128703565,0.169414226226538,0.326696487403606,-5.20827840830953
"SOX9",-0.27438806274424,1.68350287303194,-1.41662259724809,0.172448765905842,0.331699922176034,-5.22195888908011
"NKX3-1",0.289848425147946,6.05127676641296,1.40736580297,0.17513698710348,0.336013456173088,-5.2338496604083
"HNF1B",0.253170079221975,-1.41341381833552,1.40258126138016,0.176539608645458,0.337844834818974,-5.23997098366025
"KDM5D",-0.302147677533088,3.47838002128121,-1.40073017767624,0.177084683579917,0.338030003593058,-5.24233473747414
"ZGPAT",0.250906078506184,0.143368806386065,1.3971483540275,0.17814323562491,0.339191918336318,-5.24690140709849
"FOXD1",0.141494149028323,1.8956010858429,1.39230417257727,0.1795829307503,0.340341539417087,-5.25306247803321
"ZBTB7A",-0.232493731502324,0.783918581690997,-1.39101537735391,0.179967528958778,0.340341539417087,-5.25469871328759
"NRL",-0.265553087554488,2.00696854684003,-1.39056809601022,0.180101159452808,0.340341539417087,-5.25526628802288
"ESRRG",0.325964335427336,2.68124525075499,1.3885813156054,0.180695694400195,0.340611383944367,-5.2577856116166
"NKX3-2",-0.151574366431372,-1.07086061034073,-1.37799187807232,0.18389109099413,0.34577028082188,-5.27116413216435
"ZNF350",0.425180718203671,1.97598021023715,1.37534432944039,0.18469701149009,0.346421757869473,-5.27449598699895
"SMAD1",0.373526296770822,2.50439505262214,1.36735366009185,0.187146492371787,0.350145050243989,-5.28452032150735
"TP63",0.455468822278847,11.6402916789363,1.36286270752252,0.188534478066643,0.351313412487497,-5.29013331683856
"TEAD2",0.172187972278723,0.762310830689436,1.35846791057557,0.189900661364325,0.351313412487497,-5.29561151764416
"FOXP1",0.399432450976379,0.146717028440114,1.35805587088046,0.190029151936378,0.351313412487497,-5.29612439098388
"MED1",0.341823076525646,0.933806292538193,1.35693176092082,0.190380045965697,0.351313412487497,-5.29752294351554
"NR1I2",0.335714245468821,11.1827719094906,1.3548221829715,0.191039945410681,0.351313412487497,-5.30014499825903
"PGR",0.367365471968152,3.00167237279746,1.35279035660393,0.191677238543434,0.351313412487497,-5.30266725316215
"NCOA6",-0.300909391572392,2.870483974061,-1.35241848153102,0.19179406153375,0.351313412487497,-5.30312855300952
"PIN1",-0.310010553545071,1.53113492666392,-1.35222753405573,0.19185406882269,0.351313412487497,-5.30336537720935
"MEOX1",0.299339464731197,1.09501451941233,1.35187670948158,0.191964358017041,0.351313412487497,-5.30380041885169
"OVOL1",0.421274098911859,3.409022064287,1.34670834908472,0.193594975380134,0.353439737134675,-5.31019873414443
"NR4A3",-0.293623696098828,4.01767374553985,-1.34156614052851,0.195228209695485,0.355560555822212,-5.31654469242417
"RORC",-0.345684500991362,2.16918638882691,-1.33797871247645,0.196374064388619,0.356276719938884,-5.32096008250414
"THRA",0.252771270946041,6.12255296173749,1.33737796639972,0.196566466173177,0.356276719938884,-5.32169852665433
"PAX3",0.347871485343503,4.36328515980909,1.33002216477119,0.198934409550325,0.359703944366774,-5.33071819767836
"ARID4A",0.2006777620562,2.16071402432802,1.32455174991309,0.200709956045341,0.362046188655951,-5.33739938536585
"FEZF2",-0.144120103719125,-0.159904427478958,-1.31916709242309,0.202469826603237,0.364349043577186,-5.34395359749876
"SMARCA4",0.338761548942824,1.37781476079336,1.30678258202722,0.206563466812698,0.370830604706605,-5.35894404419327
"SCX",-0.163989968086881,1.43021046759545,-1.30168785101007,0.208266211554697,0.372999343259481,-5.36507670453015
"STAT6",0.517266715007504,7.02853742947353,1.30017185145827,0.208774997544947,0.373024521679835,-5.36689770504384
"IRF4",0.419844731739962,5.93106820754147,1.29174646042624,0.211620368669105,0.376838716523624,-5.37698595969786
"POU5F1",-0.179529223973412,3.40971853959025,-1.29025651115741,0.212126677411917,0.376838716523624,-5.37876427782038
"ETV6",0.312321368275754,-0.913076212754736,1.28942663753654,0.212409090878701,0.376838716523624,-5.3797540245387
"NFX1",-0.368925595095262,1.75735687884748,-1.28462226237846,0.214049822712557,0.378858136913774,-5.38547349463273
"ZBTB16",0.265149483108125,5.22965054991731,1.27903215338896,0.215971279913593,0.380155780061372,-5.39210587883727
"BCL11B",0.186345992316153,0.453560121475562,1.27811619506109,0.216287390815958,0.380155780061372,-5.39319030849132
"CTCF",0.381910923157788,7.79019762525913,1.27739537253702,0.216536409943668,0.380155780061372,-5.39404325361269
"DLX4",0.2519695744322,3.40686528892799,1.27663389566301,0.216799715419615,0.380155780061372,-5.39494386687417
"HIF3A",-0.228218947316775,-1.45066372396131,-1.26814781503174,0.219750889853325,0.383889193816942,-5.40495002933308
"HOXD1",0.294722668804336,3.56807684089418,1.2668155017392,0.220217035681649,0.383889193816942,-5.4065159059701
"NR2E3",-0.152361453673281,1.51518034790217,-1.26613260730452,0.220456261170737,0.383889193816942,-5.40731798015973
"SMAD5",0.341859623076165,3.54935910012729,1.26252298074536,0.221724094126681,0.384314040961598,-5.41155152288188
"BCOR",0.179405598423726,1.62961604228601,1.26138103716586,0.222126357599945,0.384314040961598,-5.41288873179906
"HIPK2",0.3303667131343,-2.18949696441664,1.26108894999202,0.222229339335884,0.384314040961598,-5.41323060054168
"NEUROG1",0.0900020631859201,0.529492600272174,1.25871262988672,0.223068533890352,0.384882550465275,-5.41600944916099
"ELK1",0.62184447560785,8.75276589110221,1.25612920608322,0.223983639504043,0.38557914197728,-5.41902547415776
"HOXA11",-0.116638853374739,-0.832761659596014,-1.25152334269435,0.22562231557679,0.387515321058998,-5.42438964051224
"NEUROG3",0.10514335729346,-1.51973607847099,1.25001685164364,0.226160294798813,0.387556505177965,-5.42614054968186
"HDAC1",-0.316261843588571,-5.93770477042798,-1.24555963283494,0.22775778299234,0.389408998585544,-5.43131049115381
"SMAD2",0.356407312339889,2.35414418050977,1.23653906790742,0.231017311412947,0.394088354763262,-5.44172566637898
"MXI1",0.20043646954089,1.92161469630202,1.23445276971544,0.231776250564553,0.394490503218223,-5.44412538319159
"YAP1",0.11377991934732,-0.575974874748039,1.22362961724034,0.23574409222904,0.397494058753953,-5.45651925580757
"PAX1",-0.0761725942946331,-0.878789317141421,-1.22356240187944,0.235768894870633,0.397494058753953,-5.45659593611754
"EGR4",0.170588127625205,-1.40427387633079,1.22236615732067,0.236210645357673,0.397494058753953,-5.45796003098018
"FOXO6",-0.155576495631746,0.998972722343755,-1.22171236279043,0.236452346013673,0.397494058753953,-5.45870508263784
"HOXA9",0.223300392031764,4.14572318720874,1.22023532414271,0.236999085336279,0.397494058753953,-5.4603870388392
"VENTX",0.41153328493641,3.29167025376141,1.21922606147851,0.23737322700396,0.397494058753953,-5.46153532606336
"ARID1A",0.281254746312296,1.85873783177425,1.21719488635205,0.238127563889655,0.397494058753953,-5.46384384036844
"NRG1",0.26731077417546,6.12028627863311,1.2170260411912,0.23819035162473,0.397494058753953,-5.46403559228365
"NR2F2",0.252146275376251,3.06381731505974,1.21677006870282,0.238285563072661,0.397494058753953,-5.46432624863473
"HDAC7",-0.253761758745171,-1.19877485183643,-1.21381594068822,0.239386477433764,0.398449015419555,-5.46767688601878
"ZNF362",0.251307309949283,3.61542879841552,1.18373688102658,0.25081698684058,0.416385568177648,-5.50139649049447
"HDAC9",0.328796210666901,-2.59445791107309,1.18257365772401,0.251267153210649,0.416385568177648,-5.50268592758258
"PPARG",0.396663571183968,3.69469282791998,1.17630877456973,0.25370211673893,0.419498675484985,-5.5096118213874
"TBX18",0.0936529261576815,-0.699271290052865,1.16064376496393,0.259868074354011,0.4287538907285,-5.52679083196747
"ASCL2",-0.29501818666385,2.53029236076085,-1.15794531079941,0.26094143260645,0.429584803897954,-5.52973000211743
"EBF3",0.26266024106708,1.22105397714128,1.1487570447352,0.264621027187714,0.433674106927725,-5.53969348735986
"GSC",-0.28217884629414,0.345906416051005,-1.14752384983752,0.265117803495532,0.433674106927725,-5.54102549212806
"ARID3A",0.371693701557506,2.29411708477524,1.14488948983521,0.266181341603745,0.433674106927725,-5.54386677330121
"HMGA1",0.378426346640016,5.19119775282455,1.14303776637853,0.266930809006339,0.433674106927725,-5.54586055230475
"PRRX1",0.100598872568436,-0.460640500755399,1.14296993282442,0.266958293688791,0.433674106927725,-5.54593353653532
"PAX4",0.109611326337588,-0.404478298362669,1.14279201025115,0.267030394025668,0.433674106927725,-5.54612495109736
"ZNF76",0.248282969764654,1.76956422500592,1.14175346105914,0.267451538092032,0.433674106927725,-5.5472417378293
"FOXQ1",0.306900024892951,2.04436893141275,1.13592129155494,0.269825703212463,0.436584936099135,-5.55349687365889
"ERF",-0.162756949457715,1.12328790689318,-1.13419688977427,0.270530653100629,0.436788249331637,-5.55534099840812
"MSX2",0.130807306568795,0.607923954951358,1.11875963567462,0.276902254019576,0.44537075899991,-5.5717412560307
"FEV",-0.198980141093537,-0.00859109437223459,-1.1184583402574,0.277027700226735,0.44537075899991,-5.57205939557616
"CREM",0.273925813089617,3.10879821990062,1.11669935276569,0.277760899353938,0.445599400240147,-5.57391522615179
"NFE2L1",0.128813571409837,1.37458157269606,1.11201451521146,0.279720631932103,0.447790565768164,-5.578845535018
"HOXD10",0.174931136080384,0.156724716663821,1.11000085192218,0.280566083657365,0.448192430249265,-5.58095913626437
"HES6",0.128869905342288,0.18842394932877,1.09857101451207,0.285400462177077,0.454951265288618,-5.59289262622868
"POU2AF1",0.221517980561925,2.96150286527423,1.09520033821093,0.286837664320181,0.456277634804675,-5.59639113755559
"PHOX2B",-0.165033116902609,0.865372055548328,-1.0915020134614,0.288420626814674,0.45782979498582,-5.60021885611173
"DLX5",-0.139992425649133,-1.0157750206955,-1.08848288776844,0.289717580056216,0.458922385215098,-5.60333517200169
"GTF2IRD1",0.192249503204768,1.79268779235131,1.08408591222757,0.291613997243776,0.460957974678841,-5.60786010447708
"LITAF",0.281789998821448,4.21323634397643,1.08230439186176,0.292384924468398,0.46120969257149,-5.60968887740923
"NR1D2",0.0899875629080628,0.649713473041247,1.07229228494738,0.296744985214443,0.4667408328563,-5.61991719347282
"HIVEP1",0.137374448333426,2.0648012294906,1.07041138730822,0.297569285469777,0.4667408328563,-5.62182934500285
"SETBP1",-0.22559549148419,-0.467957727540083,-1.06890199671143,0.298231966296152,0.4667408328563,-5.62336167103187
"ID2",0.202438409667785,4.46897204924214,1.06859362977118,0.298367482011587,0.4667408328563,-5.6236744885637
"HOPX",0.310603881010566,1.25295339229954,1.05475770289465,0.304493540372142,0.475337742113033,-5.63762788241084
"ZNF91",0.13603009907294,4.08976015124146,1.03925918798539,0.311462091731182,0.485211605713453,-5.65306632163367
"ZIC1",0.253882276149108,5.22211530445975,1.03353936788708,0.314062333538601,0.487682462066151,-5.65871260714506
"MAZ",0.267387517236528,1.55584777043897,1.03292674016292,0.314341746106299,0.487682462066151,-5.65931571306479
"ELK3",-0.160827550197806,2.60891033489337,-1.02986492727627,0.315740846885114,0.488847224951491,-5.66232515973497
"PLAGL1",0.21653187023671,1.21076248787353,1.02681412266236,0.317139299249358,0.490006212364787,-5.66531586102306
"EPAS1",0.213480871465725,8.12714012491512,1.02172836520113,0.319480278450084,0.492613762681725,-5.67028381703186
"SOX17",-0.124158609797751,-2.27112863415467,-1.01357550616512,0.32325844276243,0.497422175189534,-5.67820182318709
"POU4F3",-0.0794371930578683,-0.792299864891307,-1.00336629453642,0.32803370603401,0.503742188084813,-5.6880368340836
"MEF2B",-0.217886457187972,2.06636014608687,-1.00192039285491,0.328713985264881,0.503760863596993,-5.68942252163519
"SIN3A",0.335955238886702,2.5356383688946,0.993868277385981,0.332520447427294,0.507992738234231,-5.69710648705211
"ZMYND8",0.088255464882154,-1.69555255870907,0.993231388486722,0.332822828498289,0.507992738234231,-5.69771187927964
"MTA2",0.195173973826515,1.03782146158583,0.989740482816537,0.334483636143873,0.509496286166626,-5.70102394705314
"LEF1",0.173392737148923,0.527773363922952,0.985676816779249,0.336424183620489,0.511419021068243,-5.70486621516269
"TGFB1I1",-0.31590731953351,4.40977953732432,-0.978093737231429,0.34006623621879,0.515915376476796,-5.71199806459454
"ARID4B",0.125772963407026,0.136393822655107,0.96630816043979,0.345780627006987,0.523531310769614,-5.72298366140761
"KLF6",0.300730643773137,5.85209628959331,0.963171202460156,0.347312686007821,0.524797124749293,-5.72588740561762
"FOXP2",0.183971696287345,0.706575687212364,0.961568988098878,0.348096986501971,0.524930255644972,-5.72736720929002
"JARID2",0.123363670519767,2.11800263169739,0.959602040700361,0.349061487235052,0.525334054641176,-5.72918083079896
"FOXC1",-0.148262595025205,2.70231068910479,-0.958119761248232,0.349789537758761,0.525381098546027,-5.73054534297434
"PEG3",0.097294548099766,2.93666434251262,0.952632154653665,0.352493925608762,0.528390496836991,-5.73558032200367
"RORB",0.180883058867539,0.975330454274251,0.945877226434712,0.35584242331799,0.530671718255647,-5.7417420708952
"SIX4",-0.107485612921238,3.31869957047681,-0.945347497585053,0.356105928491678,0.530671718255647,-5.7422235989664
"POU3F2",-0.122207577780066,1.63710940230205,-0.943406901293517,0.357072380531717,0.530671718255647,-5.74398552490419
"VHL",0.224792581083149,-3.59384625653484,0.9402365850629,0.358655085862755,0.530671718255647,-5.74685687326385
"NFYC",0.391028012297201,5.67219590476359,0.94016146061682,0.358692647600527,0.530671718255647,-5.74692480675716
"ZFP42",0.136122986873446,-0.00546434260521696,0.940064353207314,0.358741204631645,0.530671718255647,-5.74701261168111
"DLX3",0.104396474501563,0.0970692024686281,0.939662067212228,0.358942408899708,0.530671718255647,-5.7473762725215
"PAX7",0.147366941408006,3.14165691580205,0.937363901074674,0.360093309009668,0.531302121565565,-5.74945106814812
"NFIC",0.17096040519345,3.10345465436919,0.935609786140345,0.360973433544447,0.531302121565565,-5.75103158180821
"SIX1",-0.121347088493626,0.811860325486008,-0.934596038340856,0.361482743187182,0.531302121565565,-5.75194377276824
"NANOG",-0.142223656329455,2.52205916933147,-0.932063011999228,0.362757465826885,0.531912812124631,-5.75421910689733
"NPAS2",-0.276692608566191,1.78777534168638,-0.930968616120598,0.363309148864967,0.531912812124631,-5.75520042723231
"SALL4",0.12589183964439,-0.288283890189599,0.923067487106319,0.367308888194854,0.535325896767608,-5.76225401512734
"SOX4",-0.170073433000494,1.24381647476341,-0.92239888453786,0.367648704342227,0.535325896767608,-5.7628483819613
"PROP1",-0.120928061826735,1.29667008876627,-0.922159719138551,0.367770311041937,0.535325896767608,-5.76306089713249
"MBD2",0.197178219697476,6.44575501731264,0.918883088370606,0.369439076609603,0.536718812646707,-5.76596734785244
"HOXD13",-0.0706596427527981,-0.686155990932013,-0.905672476301376,0.376218571638231,0.545516928875435,-5.77758956566091
"SFPQ",0.143053693186593,3.52075237823386,0.900033333462181,0.379137577028882,0.548694305335464,-5.78250376908785
"SOX10",0.151566968097149,0.276137388815598,0.885487389149139,0.386736224532145,0.558103396375444,-5.79504976922453
"TTF1",0.113319648666767,3.23599412450616,0.884758776038085,0.387119464594638,0.558103396375444,-5.7956732670669
"BMAL1",0.327272519655415,6.98620639484666,0.883208570156364,0.387935681763217,0.55821279398753,-5.79699825881592
"SPIB",-0.448144912255558,0.391697219188526,-0.880560167027227,0.389332739011524,0.559155971837503,-5.79925695853473
"DMTF1",0.392434785231972,5.74091918524288,0.877871804378936,0.390754248488781,0.56013061475388,-5.80154335596001
"SKIL",0.175750879820304,0.960658803186962,0.865231822860802,0.397483323799201,0.568427031995187,-5.81220707266414
"PA2G4",-0.0560759872380411,0.34877270156018,-0.864174321386382,0.398049698797691,0.568427031995187,-5.8130927695166
"FOXC2",0.117596101273858,3.40282563843987,0.855936253850904,0.402479773872371,0.573666823250978,-5.81995821585672
"LHX4",-0.0626149453447299,-0.811356397797456,-0.852057503962584,0.404576599722435,0.575258001229766,-5.82316965032088
"XBP1",0.432607865847802,7.08883016696488,0.851050713673275,0.405122014128655,0.575258001229766,-5.824001023721
"DNMT3A",0.126790026713173,2.3631203044996,0.846189020680082,0.407762435568309,0.577918940636287,-5.82800284582283
"KLF7",0.171542108754762,1.76868333051476,0.840664121727707,0.410776448589334,0.581098390687351,-5.83252480395078
"MSC",0.207690015655202,2.91340002495779,0.83766790073124,0.412416940184402,0.582326541009436,-5.83496563812325
"NFIX",-0.149151700011187,-0.52580223293745,-0.832866328909569,0.415054621108733,0.58461986903614,-5.83886032383496
"CTBP2",0.162460752598518,2.46833439463521,0.831890770906355,0.415591843240545,0.58461986903614,-5.83964908640579
"AIRE",-0.18033307854894,4.22748586060877,-0.826017511593733,0.418835495274728,0.588085592992821,-5.84437961968942
"NFKB2",0.333913137030176,11.2220946630203,0.81697604901795,0.423860178031631,0.594034524601951,-5.85160103587489
"NEUROD1",0.20506739571117,2.44926066119377,0.813743680880532,0.425665722850928,0.595458172596659,-5.85416478238317
"NFATC4",-0.0908615135035341,1.82276549762154,-0.805396839236894,0.43035047696157,0.600896777090785,-5.86074126647406
"SUPT20H",-0.0777594302127902,0.271602037638878,-0.803483151826552,0.431429088998433,0.601289340304656,-5.86224015427492
"KDM5A",0.281787355853403,3.865353832444,0.800245077791633,0.433258011853519,0.602724245272238,-5.86476878544481
"ZNF354C",0.17108744903994,3.29559308413385,0.785781998380769,0.441485914463879,0.612768430982491,-5.87594661156593
"KLF12",0.0692137802554203,-0.344133205398809,0.782777435891995,0.443207222312838,0.612768430982491,-5.87824477511117
"FHL2",0.302017104011439,3.17497867090157,0.780663744509017,0.444420627843553,0.612768430982491,-5.87985658034251
"HESX1",0.0900245711003579,2.79877170585028,0.780068623949219,0.444762637006601,0.612768430982491,-5.8803096560126
"FOXE1",-0.0667558238528751,-0.587995533905942,-0.779976222281135,0.444815753739724,0.612768430982491,-5.88037997399297
"FOXA1",0.160838155022976,-0.269520363477515,0.777158708212201,0.446437263905969,0.612768430982491,-5.88252036505546
"NR2F6",-0.11948525990678,0.437027584136622,-0.775716352411415,0.447268758525821,0.612768430982491,-5.88361327589011
"ZXDC",0.197129750249765,3.72713859212396,0.774739580551317,0.447832390788289,0.612768430982491,-5.88435232089089
"FOXO3",0.317212764141384,13.4135792563396,0.773983693398668,0.448268863408918,0.612768430982491,-5.88492364099854
"NKX2-2",0.111427862010158,1.88317013634054,0.773401867447115,0.448605005175511,0.612768430982491,-5.88536304479006
"MYF6",0.165773964505567,0.137773443160481,0.77098323075145,0.450003992354807,0.613567830443986,-5.88718631446959
"MAML1",-0.176224612187935,1.99763382277512,-0.767986780031433,0.451740893162711,0.613759315384865,-5.88943773439832
"MEF2C",-0.125335046463381,2.64119849466287,-0.767932420800857,0.451772440369496,0.613759315384865,-5.88947850189675
"RCOR2",-0.103254863818507,6.19128759357085,-0.759859313981619,0.456472545780935,0.61902931568134,-5.89550295959508
"SMARCC1",0.130280903013837,2.11875110019424,0.75545119765333,0.459051392920457,0.621408887364497,-5.89876720869866
"NFIL3",0.221015773786942,3.11134652885628,0.749993759259307,0.462256288990032,0.624625881538502,-5.90278374080693
"HOXB1",0.197420801733781,-0.281279220694018,0.748563589141919,0.46309838330597,0.624644330970843,-5.90383177652197
"PREB",0.194549610067866,-0.0208363808362183,0.736334130546567,0.470336752797427,0.633274842159393,-5.91271660798212
"KLF2",-0.19598325112291,2.88027780528243,-0.727671014362779,0.475504833862084,0.639092058345831,-5.91892690446458
"DACH1",0.176044766668517,-1.96553407209242,0.72073639091137,0.479665879388082,0.643537496545577,-5.92384806369364
"TCF7",0.142061150885259,1.93240645373012,0.717734853580503,0.481473545695302,0.644815370256231,-5.92596428930174
"PPARGC1B",-0.0669922576273914,1.78621873248995,-0.713394008072969,0.48409486812064,0.646722904792986,-5.92901000826411
"MESP2",-0.0850926663768027,-0.494596224874817,-0.712537100678388,0.484613317252039,0.646722904792986,-5.92960918333048
"ZFPM2",-0.0941402838800903,0.194503112844642,-0.709839620588114,0.486247473814872,0.64775723543536,-5.9314908891219
"FOXD3",0.0819781265122882,2.16934256968078,0.706549565735169,0.488244962161232,0.649089027138846,-5.93377681023388
"ELF1",0.275184502752692,8.05633815457184,0.705359068915665,0.488968922300881,0.649089027138846,-5.93460148456239
"POU2F2",0.273943402532946,4.90657060293807,0.698130434774576,0.493378141005204,0.653791069100042,-5.93958054791503
"TCF15",0.0655194441613599,0.371505505812287,0.693685061717048,0.496101036347618,0.65624593229141,-5.94261834000371
"MNX1",0.160925836140372,1.38669780390077,0.690117794482343,0.49829231324615,0.657990199978278,-5.94504274241931
"PATZ1",0.190893295728351,3.96036714384407,0.68380136541096,0.502185916742279,0.66197234479664,-5.94930640413924
"HHEX",0.0618897655611805,1.29444328392869,0.676715981544197,0.506574113887444,0.666591416878068,-5.95404474344134
"GFI1",-0.160232886205473,0.590540448371531,-0.668154568571055,0.511905360126906,0.67243317340712,-5.95970747277346
"TCF21",-0.137030584719733,0.674739019680715,-0.660846863080344,0.516480792986975,0.677029058862331,-5.96448659880151
"MKX",0.120851349217893,0.335601329312244,0.658076284813109,0.518221444147233,0.677029058862331,-5.96628540525723
"PIAS1",0.0813871339913536,0.439926823136873,0.657680219353676,0.518470544422588,0.677029058862331,-5.9665419627343
"MYOCD",0.0777218865448007,-0.331695802614707,0.656845497282722,0.518995750692874,0.677029058862331,-5.9670821839539
"BCLAF1",-0.126901571937622,1.54152334167556,-0.653819663315792,0.520902084675044,0.678342265708089,-5.96903497289529
"CTNNB1",0.194508918063868,4.87511013974232,0.651646600108493,0.522273553554149,0.678955619620394,-5.97043209428098
"MECOM",-0.107523871797209,2.10378830993777,-0.648820658083616,0.52406005981064,0.680105482095048,-5.97224232180029
"HOXD8",0.0874591404345976,0.94750151064932,0.640640186585032,0.529250591828624,0.685661419654265,-5.97744012058558
"HOXA5",-0.0603724416322332,1.61590865907229,-0.637836355639005,0.531036103281046,0.686794548668798,-5.97920713070588
"SP7",0.118141196382028,0.525564238202681,0.628923818363606,0.536733532835849,0.692662932154634,-5.98477463092699
"NR3C2",0.162173095873217,3.34887435925104,0.626669246824832,0.538180031428389,0.692662932154634,-5.98617112425044
"PHOX2A",0.064812138769801,-0.435563371685415,0.626436393478153,0.53832954674087,0.692662932154634,-5.9863150809284
"TCF7L2",0.15519321603332,4.5971152498,0.622926988756855,0.540585658127493,0.694380896470408,-5.98847848361673
"RFX1",-0.218659747561108,7.02050390481091,-0.616419392681096,0.544782693225148,0.698035842357488,-5.99245928821077
"PLAG1",-0.153145646595587,5.04077009572867,-0.6156460096867,0.545282640780584,0.698035842357488,-5.99292971185087
"ZNF202",0.137701851347793,-0.581530758912458,0.601018487117727,0.554784537647158,0.708995832857555,-6.00172028170284
"GRHL2",0.0744398443006595,-0.314586585198972,0.595265135780466,0.55854566472307,0.712594638242292,-6.0051221155768
"LMX1B",-0.108404430616278,0.689452687179183,-0.584779112073582,0.565434893627097,0.720165388166945,-6.01124121983395
"PAX8",0.0692094330995358,2.32941009153385,0.57484481814684,0.572002043780152,0.727018170978062,-6.01694163975721
"HLX",0.176100170400905,2.53449367274139,0.572394392003591,0.573627914623257,0.727018170978062,-6.01833323408689
"HOXD4",-0.0599480442853276,0.123130847788902,-0.572273823975477,0.573707973119293,0.727018170978062,-6.01840155641699
"MYOG",-0.0926831723727006,3.8487645739101,-0.568772277608786,0.57603552727614,0.72874293215807,-6.02037971629505
"TBX1",-0.133454766361127,-0.991547359033045,-0.560208276537594,0.581748390986377,0.733510845308977,-6.02516842382374
"YBX1",-0.0971346532631522,6.1650729353439,-0.560205899283774,0.581749980762292,0.733510845308977,-6.02516974335688
"HIC1",0.107482911768396,2.34643065095221,0.556880105306695,0.583976230690294,0.733526851063473,-6.0270104763437
"KLF4",-0.17309553140812,4.67549500404781,-0.555858891070722,0.584660678219634,0.733526851063473,-6.02757356232973
"ING4",0.138790076177221,3.66285790864071,0.555828256185623,0.584681216829108,0.733526851063473,-6.02759043861395
"TCF7L1",0.0393576148767225,-0.297530557946521,0.551894652654667,0.587321433562576,0.73561521745213,-6.02974992339569
"FOXI1",0.0756724605146287,0.149613578851863,0.548214217817245,0.589797104603647,0.73749090691733,-6.03175698073724
"HSF4",0.154659791138608,1.96629556346295,0.546110148830387,0.591214749431733,0.738039604423058,-6.03289855453399
"TAL1",-0.121300490260331,6.7540755938269,-0.542129088831738,0.59390165706481,0.739931196323327,-6.0350468662046
"TRIM28",-0.126132673588436,-1.58512852607885,-0.538656108523043,0.596250562577339,0.739931196323327,-6.03690856242515
"HTATIP2",-0.0736185841660706,0.0576019620020289,-0.538075915953871,0.596643413116891,0.739931196323327,-6.03721844504776
"FOXO1",0.161019212123052,6.67103305400764,0.537315436586554,0.597158528961766,0.739931196323327,-6.03762412914848
"ZNF24",-0.0660988124798327,1.92317746268547,-0.536609735517005,0.597636735491918,0.739931196323327,-6.0380000937206
"BCL11A",-0.121413916409582,0.898778550070023,-0.533908502084166,0.59946891376351,0.740982886848667,-6.03943475794161
"GCM1",0.0981083255876203,1.2858853478449,0.531358000630047,0.601201369786572,0.741908073353642,-6.04078292096496
"NCOR1",-0.102347741944263,4.79937189489528,-0.529397268847126,0.602534874351203,0.742338717746417,-6.04181508116432
"DLX1",-0.0454563964593763,-1.0508099686204,-0.525010499577579,0.605523533880754,0.744803824708138,-6.04411093494938
"IRX4",-0.0306472400853059,-0.934138614792441,-0.519383210419983,0.609367802359608,0.748311600943233,-6.04702886666874
"ERG",0.0659661537138993,2.7168025867936,0.505596767704316,0.618835115347251,0.758701913775329,-6.05404842028537
"FOXF1",-0.036618438960545,-0.986205515478955,-0.501113150239711,0.621928945176426,0.761257182894522,-6.05629173093876
"BHLHE40",0.109752116356629,2.13024044264509,0.499592080643678,0.622980172083047,0.761308022286252,-6.05704835697429
"ATOH7",0.033440992422433,-0.913672299405861,0.497104591578405,0.624701088474707,0.7619173709335,-6.05828088357287
"ABL1",0.165156086304095,5.29556052905386,0.495951177068029,0.625499804519677,0.7619173709335,-6.05885035627526
"ETV3",-0.12684892288009,-2.46686065754166,-0.490148770559273,0.629525035276587,0.76558367193314,-6.06169561694751
"GABPA",-0.0980281443255945,8.04921841219505,-0.486852649497486,0.631816922266537,0.767133589998339,-6.06329736554413
"FOXG1",-0.089514346673518,0.0413481228498626,-0.479379313510463,0.637027480049306,0.772041218546085,-6.06688999353061
"LYL1",-0.106265802560258,1.57316548473895,-0.476418037944134,0.639097528854746,0.772041218546085,-6.06829855839812
"NONO",0.0569185715278554,1.13007951233756,0.47610866916313,0.63931396536761,0.772041218546085,-6.06844522184356
"SHOX2",-0.0273704559565638,-0.8012167040705,-0.475193252767463,0.639954590969898,0.772041218546085,-6.06887865161156
"DEAF1",-0.043818846571463,-1.16558109374559,-0.466884174995258,0.645782638675275,0.776729630744142,-6.07277557090633
"MECP2",-0.0849018097102966,-1.02859513565962,-0.466647339109977,0.645949103890033,0.776729630744142,-6.07288566177778
"ZNF382",0.148754254796598,-4.84571506375052,0.463333737011004,0.648280143751547,0.776729630744142,-6.07442023418881
"ZNF263",-0.107063336046954,1.69613375170642,-0.463187342344883,0.648383214969676,0.776729630744142,-6.07448778500341
"CIITA",-0.231851098157557,15.0541444978453,-0.462323445976267,0.648991601284893,0.776729630744142,-6.07488598747918
"NKX6-3",0.0752529540777307,3.12482136786385,0.453932534612853,0.654913874326826,0.781558962942273,-6.07871586352892
"KLF10",-0.0958281303080325,1.76389686535045,-0.453669619669657,0.655099820397237,0.781558962942273,-6.07883475782695
"E2F7",-0.0939208799491468,-1.32654038159426,-0.440900163098861,0.664158577654373,0.790088277977974,-6.08452815535612
"HES5",0.0355500824212597,0.362797624852046,0.44063847052807,0.664344785461585,0.790088277977974,-6.08464316974186
"BRCA1",-0.103460661424893,5.67927675190709,-0.432425590828176,0.670199981574396,0.794669247701826,-6.08821874955647
"NR4A2",0.0594047705085638,2.80821753256672,0.432279173649269,0.670304564374484,0.794669247701826,-6.08828189602639
"ZNF331",0.0735217795089127,-4.90911589059704,0.407242037747799,0.688287919122274,0.812903615720273,-6.09877127814296
"HDAC4",0.09248871674122,1.9063373223598,0.406934353758531,0.688510133456661,0.812903615720273,-6.09889636245888
"OTX2",0.044398470285831,-1.36836627458963,0.406367441612454,0.688919642500338,0.812903615720273,-6.09912658888772
"ESRRA",0.0749824131993046,2.03208255335637,0.396343982031754,0.696176233470627,0.819521186180372,-6.10314508146082
"CREB3L1",-0.067022431960083,2.03488536960981,-0.394966508797334,0.697175839074205,0.819521186180372,-6.10368961151998
"ZNF410",-0.0417215075647462,1.04372300389123,-0.394122505743537,0.697788596190715,0.819521186180372,-6.10402233396495
"PRDM4",0.0441454289612186,-0.00423113753787276,0.391554938238931,0.699653989340227,0.820434071481386,-6.10503021503158
"HOXA2",0.0225212935938047,0.708594112736583,0.388025100412388,0.702221686011114,0.822166383932267,-6.10640525012197
"CHD4",0.0446333787671861,0.438999069394669,0.384625066654626,0.704698432316779,0.822556222611603,-6.10771813516405
"TCF3",0.0950187211895402,7.18140211816805,0.384572846473078,0.704736498417898,0.822556222611603,-6.10773821073538
"NFIB",-0.0930432637595238,0.115548590048177,-0.381988706765449,0.706621211679971,0.822926690121318,-6.10872830799005
"ARID5B",-0.0451666057974804,1.44092604401098,-0.380377617245549,0.707797225565427,0.822926690121318,-6.1093422613183
"FOXA3",-0.0485456690660952,-0.559615341117813,-0.379650616706121,0.708328145741029,0.822926690121318,-6.10961846982865
"ZBTB38",-0.0358497406541445,-0.758747049407499,-0.366196598121885,0.718180813678744,0.833089743867343,-6.11463608191851
"TBX20",-0.0711596537583659,-0.109021509878303,-0.362053719913925,0.72122504074954,0.835335915092401,-6.11614522072663
"KDM2A",-0.0866025184081399,4.19514178830545,-0.353321553379325,0.727657097593419,0.840346605846708,-6.11927064942272
"SOX7",-0.0212468322193594,-1.01712245532211,-0.353154592916881,0.727780283312865,0.840346605846708,-6.11932967476945
"KLF9",0.0603150536508358,1.9759857564623,0.348989808852146,0.73085556597061,0.84056961777159,-6.1207931372313
"RFX5",-0.344577438496762,13.9520630769862,-0.348913140366236,0.730912222057206,0.84056961777159,-6.12081991713988
"MLXIPL",0.0474967845623212,2.093693165441,0.34836427808988,0.731317863737617,0.84056961777159,-6.12101146231139
"ATF7",-0.0780382160882439,0.391413177618631,-0.337209638216448,0.739579211914886,0.848771272121497,-6.12483975510991
"E2F6",-0.0594557561388729,2.49653604899172,-0.335487755638069,0.74085739595957,0.848946012999264,-6.12541974532261
"PTF1A",-0.0308965916915064,-0.566938167632279,-0.332231829023193,0.743276435894573,0.849357451949674,-6.12650843661494
"MEF2D",-0.0744386016773387,3.97679994226138,-0.331885403803734,0.74353397929492,0.849357451949674,-6.12662365403722
"VEZF1",0.0680763221533216,0.263847497720435,0.330457497288032,0.74459585641742,0.849357451949674,-6.12709730693764
"TBX2",0.0402095882987761,-1.13300774957412,0.327743999185538,0.746615219301297,0.850374434068245,-6.12799184249453
"HOXB2",0.0353670409071841,-0.611224028533092,0.325004439376233,0.748655883119608,0.851412572959555,-6.12888757287036
"FOXN1",0.0455390562670645,3.08348391414543,0.322862184337634,0.750252947361369,0.851756443127484,-6.12958282814669
"KDM5B",0.0600543234103003,0.787582146350161,0.321569042115815,0.751217552625699,0.851756443127484,-6.13000030860074
"HSF2",0.168154850104572,6.30817538769085,0.31384901222996,0.756984903731705,0.857006933053612,-6.13245817564943
"SMARCA5",-0.0380295360801688,0.779598230991901,-0.298330793251816,0.768621955096064,0.86887699271729,-6.13721993991027
"NR0B1",0.0468931515165428,3.48728789499893,0.294208704607896,0.771722703849836,0.871076225602959,-6.1384446132399
"KLF13",-0.0587753965797641,1.89483775941036,-0.290094095688339,0.774821754644682,0.871332103171566,-6.13965022764318
"NAB2",0.099545866255122,0.244481147783461,0.289612944447564,0.775184403302525,0.871332103171566,-6.13979011009443
"DBP",0.0319074840402605,3.16758529870551,0.287503683535988,0.776774798387909,0.871332103171566,-6.14040060819171
"KLF17",0.043079940861216,-4.35363954755238,0.287389682603248,0.77686078459357,0.871332103171566,-6.14043347829135
"GLI3",-0.0349371546485551,2.69339902647205,-0.281221348766988,0.781517674443313,0.871332103171566,-6.14219273802144
"OLIG1",-0.0322642332029582,0.154785562649655,-0.27850125904752,0.783573953348753,0.871332103171566,-6.14295650574858
"ZNF160",0.0310786751560557,0.99538241779497,0.277581328428528,0.784269754117924,0.871332103171566,-6.14321314508331
"KLF8",-0.0437731212354596,5.24083041387775,-0.277115425660919,0.784622216406761,0.871332103171566,-6.1433427999159
"TGIF1",0.0502601170751,0.930202238260108,0.276684713922191,0.784948098568155,0.871332103171566,-6.14346246937705
"NFATC3",0.0995358588505231,4.955575542587,0.276252100176742,0.785275460761965,0.871332103171566,-6.14358248144951
"ZNF804A",-0.061189632340924,0.503610253741617,-0.274134461701272,0.786878484478153,0.871332103171566,-6.14416725143492
"ZNF148",-0.0617727916081987,3.25648490959576,-0.273278163510633,0.787526967885203,0.871332103171566,-6.14440244435943
"FGF2",-0.0531466925279691,0.796380657534608,-0.272864767066408,0.787840094184355,0.871332103171566,-6.14451572756706
"ZGLP1",-0.0597587995293455,2.21366384538706,-0.271793122907377,0.788651981039329,0.871332103171566,-6.14480859851179
"HEY1",0.0339589137030553,2.69093633077114,0.270959662071135,0.789283589477692,0.871332103171566,-6.14503558561447
"LHX1",-0.0251295263506021,-0.752677534887179,-0.26177201502534,0.796255928877212,0.877556649642474,-6.14749192781883
"IKZF1",0.0503726698142489,4.10086168547399,0.260464342477794,0.797249741386068,0.877556649642474,-6.14783470109952
"FOXJ1",0.0408215877865689,1.13231416477589,0.255852852490228,0.800757228506184,0.880132580603007,-6.14902988384593
"FEZF1",0.0211617047089253,-0.179198086120714,0.246218062044593,0.808099344932134,0.886411577265519,-6.15145854925667
"ZNF217",0.0179547973829,-0.621379639264141,0.245049772328032,0.808990886911313,0.886411577265519,-6.15174674803387
"GLI1",-0.0274847269690326,1.08713742439661,-0.243732047958345,0.809996786121939,0.886411577265519,-6.15207017559936
"TFEB",-0.0372524371173004,0.0198518374552776,-0.242190620929895,0.811173880940032,0.88641319743302,-6.15244631058854
"UBTF",0.0420720883157728,2.34139067076471,0.225029646218209,0.824309176758881,0.899463269574813,-6.15647365867776
"PHF20",-0.0274597454713694,5.78559134952852,-0.220654251598859,0.827666857062215,0.901821980093801,-6.15745340948991
"TSC22D1",0.0548731733912469,3.92485164768998,0.209591607931446,0.836171365425636,0.909773751126883,-6.15984521097921
"RREB1",0.0329831215364736,-0.519805427105529,0.202709018394111,0.841472937067719,0.914222758716225,-6.16127148758538
"HIVEP3",-0.0442661239037337,2.41436188473471,-0.199347563400634,0.844065061936093,0.915453181247272,-6.16195084937223
"ZBTB18",-0.0336430014995136,-1.67794234718366,-0.19791469964824,0.845170544739503,0.915453181247272,-6.16223699768983
"SATB1",0.0767093162064341,4.36571007508021,0.196518788060808,0.846247834654309,0.915453181247272,-6.16251378980319
"MLXIP",0.0576885900787522,6.59304746116183,0.191936981592095,0.849785996543338,0.917963669618448,-6.16340859285655
"KAT2B",-0.0407883823969776,1.22472197357219,-0.180059746381795,0.858972860499704,0.926199788105536,-6.16563024344867
"ESRRB",-0.0520076640224964,0.902873449221779,-0.178904980193779,0.859867177286306,0.926199788105536,-6.16583870375292
"NHLH2",-0.0132971248027762,-0.774314508661919,-0.17395149209491,0.86370562669598,0.929007193336333,-6.16671775039297
"DMAP1",-0.0365515348622905,4.46752681377009,-0.167793727247009,0.868482100933996,0.932814108410589,-6.16777620710983
"NKX2-5",0.0183956114640739,1.58031550659629,0.166174028852749,0.869739342402458,0.932835653159962,-6.1680482999066
"LMX1A",0.0441624907560527,1.72011052014254,0.162357038799489,0.872703564024636,0.934241850746517,-6.16867910723119
"DMRT1",0.0139696216926814,-0.27137893196303,0.161295196602277,0.873528520923468,0.934241850746517,-6.16885199188661
"APEX1",-0.0548993070528206,5.09713428017477,-0.157508862764226,0.876471366716839,0.935049588093344,-6.16945925746032
"NR2E1",0.0220741037639426,-1.17322653814538,0.154473548779883,0.878831832126354,0.935049588093344,-6.16993568267022
"ELK4",0.0596586359208688,7.3031030912144,0.152462703893233,0.880396242723365,0.935049588093344,-6.17024621439391
"NR2C2",0.0414747356680097,5.58496775700569,0.151194258520915,0.881383335912863,0.935049588093344,-6.17044001088156
"GRHL3",0.021495886627232,2.62462063727852,0.150789092594843,0.881698674502959,0.935049588093344,-6.17050157288086
"HOXB4",0.0162524015731004,0.364756608756884,0.150755938635602,0.881724478958047,0.935049588093344,-6.17050660308857
"FOXN4",-0.0376242455976614,0.840253356004405,-0.146506423852687,0.885033080954335,0.937190284079256,-6.17114221560466
"NFAT5",-0.0548066238061528,8.55942256063202,-0.143145029168404,0.887651743449632,0.937190284079256,-6.17163214606813
"KMT2A",-0.0220354190717455,10.6959050074937,-0.141297248336202,0.889091805337937,0.937190284079256,-6.17189663121724
"EN1",0.0168113643299492,-2.17521069149748,0.140387070674019,0.88980129481285,0.937190284079256,-6.17202565050453
"GTF2I",-0.0365350139166463,6.26125761383032,-0.140186206644525,0.88995788249436,0.937190284079256,-6.17205401126771
"TEF",-0.0221304681989911,1.75895183099335,-0.138436911694286,0.891321776431441,0.9373174608498,-6.17229928778011
"CRX",-0.0100555596636534,0.0155456650693553,-0.125962609007368,0.901057572768513,0.946235946890611,-6.17395924467991
"ATOH1",-0.00943435393100873,-1.41091984370943,-0.1120184443238,0.911959517713952,0.953434821872018,-6.17562968837924
"HOXB5",-0.014264976292933,0.979868946873144,-0.111760644143712,0.912161248616348,0.953434821872018,-6.17565873121448
"HNF4G",0.00888369413888763,-0.696260582783667,0.111100472965115,0.912677866169281,0.953434821872018,-6.17573279903136
"PRDM16",0.00696411959708746,-0.894732630990616,0.109200715385533,0.914164744539107,0.953434821872018,-6.17594349697535
"SOX6",-0.0232046787746459,0.562077258802341,-0.108805824809315,0.914473853411066,0.953434821872018,-6.17598683782734
"TLX3",0.0145491971089402,1.56121269172431,0.107495356872212,0.915499749383741,0.953434821872018,-6.17612954333995
"GATA5",0.0111619855238502,0.573509896643995,0.105062602597845,0.917404625231039,0.953554955950948,-6.17638988304208
"TFCP2",0.0170222287146398,5.22759502624868,0.103145074373624,0.918906434114728,0.953554955950948,-6.17659089133213
"TFDP3",0.0174603221338384,1.16055064771801,0.102503367980768,0.919409088828036,0.953554955950948,-6.17665733344675
"NFYB",-0.0295924713395686,8.977194319914,-0.0979743669359952,0.922957674119332,0.955920448195022,-6.17711448725557
"SRF",0.0390655928840908,5.98853302245153,0.0939595056766172,0.926104804568029,0.957170862311837,-6.17750249063189
"HDAC5",0.0109969029771994,1.09036165056999,0.0915925944489807,0.927960744114144,0.957170862311837,-6.17772363469248
"ZNF219",-0.00761881938961147,1.46564785613291,-0.0915765291945972,0.927973342639195,0.957170862311837,-6.17772511643404
"NR2C1",-0.00830085091565084,2.51726544611372,-0.0861563458395346,0.932224992308401,0.960242683334063,-6.17821021009003
"RFXANK",0.080712284141654,12.8778823010114,0.0791843543787196,0.937696948045666,0.964404963441794,-6.17879071397896
"PITX2",0.016909551083295,6.21262371959598,0.077508084280797,0.939013049958773,0.964404963441794,-6.17892298875953
"NEUROD2",-0.00701424085997664,1.02250706841965,-0.0745776535046473,0.941314269509455,0.964404963441794,-6.17914743545945
"SMAD9",0.0123954808756757,1.10787778755937,0.0731957409075863,0.942399647685004,0.964404963441794,-6.17925027915379
"TCF4",-0.0166802945046361,2.73842002594792,-0.0728628988454767,0.942661084955705,0.964404963441794,-6.17927476241391
"NR0B2",0.0111428014374625,3.81953322670154,0.0680187128374885,0.946466784013744,0.966986389087213,-6.17961846866825
"CREB5",-0.0160182857791302,0.639903148180732,-0.0615917529626441,0.951517964399683,0.970831590199405,-6.1800380108557
"RFX3",-0.00503273969732796,0.281334914104185,-0.0505658475072264,0.960188398802562,0.978354125266394,-6.18066088037473
"INSM1",0.00419874687057641,0.283162728191168,0.0455659524843942,0.964121904927693,0.98022365588068,-6.1809029844419
"HES1",0.0065831816178769,3.37630045235452,0.0449287422337199,0.964623279394516,0.98022365588068,-6.18093203043794
"ZKSCAN7",-0.00487422319531384,0.543802007314443,-0.0376806928696289,0.970327253214225,0.984369097619736,-6.18123363565442
"KLF1",0.0076102552805841,2.26707286735369,0.0364273026828885,0.971313804547856,0.984369097619736,-6.18128042505423
"TBR1",0.00479838235803811,2.11990134872066,0.034516140014414,0.972818183377768,0.984570349351459,-6.1813487231656
"SIX3",-0.00142754931109814,-0.471080875610039,-0.0231304669262095,0.981782423372899,0.992310921210678,-6.18167935180821
"POU2F1",0.00520338412253401,2.69119240114428,0.01986606750488,0.98435308244659,0.993577274651578,-6.18175005744658
"RFXAP",-0.0111888244526307,12.9968634587426,-0.00998907293674636,0.99213199703961,0.998268426939239,-6.18189860527627
"SALL1",0.00215055570656738,0.671947317216939,0.00952611742868292,0.99249663714746,0.998268426939239,-6.18190315660253
"SON",-0.00069423284513222,-0.215952978414339,-0.00892186121138997,0.992972573215424,0.998268426939239,-6.18190877220131
"DAXX",-0.00230842420635496,-4.71744463911973,-0.00686608030708668,0.994591806578147,0.998468121150239,-6.18192512262464
"RBPJ",0.0010293930967126,3.60093640171525,0.00328523663334768,0.997412306943295,0.998468121150239,-6.18194343460089
"TCF12",0.000425756039062381,4.53610498063228,0.002266963873409,0.998214371400851,0.998468121150239,-6.18194628271394
"ZBTB7B",0.000271231819189443,1.99320613863131,0.00194481270445392,0.998468121150239,0.998468121150239,-6.18194696623685
